abbatialis, abbatialis
abdominalis, abdominalis
abnormalis, abnormalis
abnormis, abnormis
abominabilis, abominabilis
absens, absentis
absimilis, absimilis
abstinax, abstinacis
abstinens, abstinentis
abundans, abundantis
accensibilis, accensibilis
acceptabilis, acceptabilis
accessibilis, accessibilis
accidentalis, accidentalis
acclinis, acclinis
acclivis, acclivis
accusabilis, accusabilis
acer, acris
acervalis, acervalis
acharis, acharis
actualis, actualis
acutalis, acutalis
adapertilis, adapertilis
adcessibilis, adcessibilis
adclinis, adclinis
adclivis, adclivis
adfabilis, adfabilis
adfectualis, adfectualis
adfinis, adfinis
adflagrans, adflagrantis
adflictrix, adflictricis
adfluens, adfluentis
adibilis, adibilis
aditialis, aditialis
adjacens, adjacentis
adjutabilis, adjutabilis
adjuvans, adjuvantis
adlaudabilis, adlaudabilis
admirabilis, admirabilis
adnuntialis, adnuntialis
adolescens, adolescentis
adorabilis, adorabilis
adpalis, adpalis
adparens, adparentis
adpetens, adpetentis
adpetibilis, adpetibilis
adplex, adplicis
adprehensibil, adprehensibilis
adralis, adralis
adrogans, adrogantis
adrotans, adrotantis
adscendens, adscendentis
adscendibilis, adscendibilis
adsimilis, adsimilis
adspectabilis, adspectabilis
adulans, adulantis
adulescens, adulescentis
adverbialis, adverbialis
adversabilis, adversabilis
advolitans, advolitantis
advorsabilis, advorsabilis
aedificialis, aedificialis
aeditualis, aeditualis
aenipes, aenipedis
aequabilis, aequabilis
aequalis, aequalis
aequanimis, aequanimis
aequidistans, aequidistantis
aequiformis, aequiformis
aequilanx, aequilancis
aequilateralis, aequilateralis
aequilatus, aequilateris
aequilibris, aequilibris
aequinoctialis, aequinoctialis
aequipar, aequiparis
aequiparabilis, aequiparabilis
aequiperabilis, aequiperabilis
aequipes, aequipedis
aequipollens, aequipollentis
aericrepitans, aericrepitantis
aeripes, aeripedis
aerumnabilis, aerumnabilis
aestimabilis, aestimabilis
aestivalis, aestivalis
aeternabilis, aeternabilis
aeternalis, aeternalis
Aethiops, Aethiopis
aethon, aethonis
affabilis, affabilis
affectualis, affectualis
affinis, affinis
afflictrix, afflictricis
affluens, affluentis
afluens, afluentis
agens, agentis
agilis, agilis
agitabilis, agitabilis
agminalis, agminalis
agnitionalis, agnitionalis
agnoscibilis, agnoscibilis
agralis, agralis
agrestis, agrestis
agricolaris, agricolaris
ahenipes, ahenipedis
aiens, aientis
aigilps, aigilpis
alacer, alacris
alacris, alacris
alaris, alaris
albaris, albaris
albens, albentis
albiceris, albiceris
albicolor, albicoloris
alcyonis, alcyonidis
alearis, alearis
alebris, alebris
ales, alitis
algens, algentis
algensis, algensis
alibilis, alibilis
alipes, alipedis
alisalius, alisalienus
alius, alienus
allaudabilis, allaudabilis
alter, alterius
altercabilis, altercabilis
alterplex, alterplicis
alteruter, alterutrius
altifrons, altifrontis
altilis, altilis
altipotens, altipotentis
altitonans, altitonantis
altivolans, altivolantis
amabilis, amabilis
amans, amantis
amatrix, amatricis
ambarvalis, ambarvalis
ambrosialis, ambrosialis
ambulatilis, ambulatilis
ambulatrix, ambulatricis
amens, amentis
amethystizon, amethystizontis
amethystizon, amethystizontos
ametor, ametoris
amicabilis, amicabilis
amicalis, amicalis
amissibilis, amissibilis
Ammanitis, Ammanitidis
ammirabilis, ammirabilis
amotibilis, amotibilis
amovibilis, amovibilis
amphitheatralis, amphitheatralis
amphoralis, amphoralis
anceps, ancipitis
ancillaris, ancillaris
ancips, acipitis
anclabris, anclabris
ancoralis, ancoralis
angarialis, angarialis
anguipes, anguipedis
anguitenens, anguitenentis
angularis, angularis
anicularis, anicularis
anilis, anilis
animabilis, animabilis
animalis, animalis
animans, animantis
animax, animacis
annualis, annualis
annularis, annularis
annumerabilis, annumerabilis
annuntialis, annuntialis
antecedens, antecedentis
antegenitalis, antegenitalis
antemeridialis, antemeridialis
antenuptialis, antenuptialis
antepotens, antepotentis
anthedon, anthedonis
anticipalis, anticipalis
Antiochensis, Antiochensis
antiphonalis, antiphonalis
anularis, anularis
aperibilis, aperibilis
apertibilis, apertibilis
Apollinaris, Apollinaris
appalis, appalis
apparens, apparentis
appetens, appetentis
appetibilis, appetibilis
applex, applicis
applicabilis, applicabilis
apprehensibil, apprehensibilis
Aprilis, Aprilis
apsens, apsentis
apsimilis, apsimilis
apstinax, apstinacis
apstinens, apstinentis
aqualis, aqualis
aquatilis, aquatilis
aquilonalis, aquilonalis
aquilonaris, aquilonaris
aquiminalis, aquiminalis
Aquisgranenis, Aquisgranenis
arabilis, arabilis
araneans, araneantis
arator, aratoris
arbitralis, arbitralis
archiepiscopalis, archiepiscopalis
arcifinalis, arcifinalis
arcipotens, arcipotentis
arcitenens, arcitenentis
arcuatilis, arcuatilis
ardens, ardentis
arealis, arealis
arens, arentis
argitis, argitidis
argumentabilis, argumentabilis
argumentalis, argumentalis
argutatrix, argutatricis
argyraspis, argyraspidis
armentalis, armentalis
armipotens, armipotentis
aromatizans, aromatizantis
arquipotens, arquipotentis
arquitenens, arquitenentis
arralis, arralis
arrhalis, arrhalis
arrogans, arrogantis
arrotans, arrotantis
articularis, articularis
artifex, artificis
artificialis, artificialis
arvalis, arvalis
ascendens, ascendentis
ascendibilis, ascendibilis
asexualis, asexualis
asinalis, asinalis
aspectabilis, aspectabilis
aspernabilis, aspernabilis
aspratilis, aspratilis
assimilis, assimilis
Assisinas, Assisinatis
astralis, astralis
astreans, astreantis
Atheniensis, Atheniensis
atricolor, atricoloris
atrox, atrocis
auctionalis, auctionalis
auctorabilis, auctorabilis
auctoralis, auctoralis
auctorizabilis, auctorizabilis
auctumnalis, auctumnalis
aucupalis, aucupalis
audax, audacis
audens, audentis
auditorialis, auditorialis
auguralis, auguralis
augurialis, augurialis
Augustalis, Augustalis
augustalis, augustalis
auratilis, auratilis
auricolor, auricoloris
auricomans, auricomantis
auricularis, auricularis
aurigalis, aurigalis
aurigans, aurigantis
auspicabilis, auspicabilis
auspicalis, auspicalis
auster, austeris
australis, australis
austrinalis, austrinalis
autumnalis, autumnalis
auxiliaris, auxiliaris
avens, aventis
aversabilis, aversabilis
avipes, avipedis
bacalis, bacalis
baccalis, baccalis
Bacchanalis, Bacchanalis
bacilis, bacilis
bacterialis, bacterialis
balans, balantis
balinearis, balinearis
balnearis, balnearis
baptismalis, baptismalis
bellator, bellatoris
bellatrix, bellatricis
bellax, bellacis
bellipotens, bellipotentis
bellualis, bellualis
belluilis, belluilis
belualis, belualis
beluilis, beluilis
benemerens, benemerentis
beneplacens, beneplacentis
benesonans, benesonantis
benevolens, benevolentis
benivolens, benivolentis
besalis, besalis
bessalis, bessalis
bestialis, bestialis
Bethsames, Bethsamitis
bibax, bibacis
bibilis, bibilis
bibliothecalis, bibliothecalis
bibrevis, bibrevis
bicaps, bicapitis
biceps, bicipitis
bicips, bicipitis
bicolor, bicoloris
bicomis, bicomis
bicornis, bicornis
bicorpor, bicorporis
bicors, bicordis
bicubitalis, bicubitalis
bidens, bidentis
bidentalis, bidentalis
biennalis, biennalis
biennis, biennis
bifax, bifacis
biforis, biforis
biformis, biformis
bifrons, bifrontis
bigemmis, bigemmis
bijugis, bijugis
bilanx, bilancis
bilateralis, bilateralis
bilibralis, bilibralis
bilibris, bilibris
bilinguis, bilinguis
bilix, bilicis
bilustris, bilustris
bilychnis, bilychnis
bimammiis, bimammiis
bimaris, bimaris
bimater, bimatris
bimatris, bimatris
bimembris, bimembris
bimenstris, bimenstris
bimestris, bimestris
binominis, binominis
bipalmis, bipalmis
bipatens, bipatentis
bipedalis, bipedalis
bipennis, bipennis
bipensilis, bipensilis
bipes, bipedis
bipinnis, bipinnis
biplex, biplicis
biremis, biremis
bisextialis, bisextialis
bisextilis, bisextilis
bisolis, bisolis
bissextilis, bissextilis
bisulcis, bisulcis
bivertex, biverticis
blandiloquens, blandiloquentis
blasphemabilis, blasphemabilis
boopis, boopis
borealis, borealis
boreotis, boreotidis
botryodes, botryodis
bovilis, bovilis
bracchialis, bracchialis
bracchiolaris, bracchiolaris
brachialis, brachialis
brachiolaris, brachiolaris
bracilis, bracilis
bractealis, bractealis
bravialis, bravialis
breviloquens, breviloquentis
breviloquis, breviloquis
brevis, brevis
brumalis, brumalis
brutalis, brutalis
buccellaris, buccellaris
bugenes, bugenstis
bustualis, bustualis
buxans, buxantis
buxeirostris, buxeirostris
cachinnabilis, cachinnabilis
cadialis, cadialis
caelebs, caelibis
caeleps, caelibis
caeles, caelitis
caelestis, caelestis
caelibalis, caelibalis
caelibaris, caelibaris
caelipotens, caelipotentis
caeremonialis, caeremonialis
caerimonialis, caerimonialis
caerulans, caerulantis
calcabilis, calcabilis
calcarensis, calcarensis
calcariensis, calcariensis
calculensis, calculensis
calefactabilis, calefactabilis
caligaris, caligaris
callens, callentis
cambialis, cambialis
cameralis, cameralis
campester, campestris
campestris, campestris
canaliensis, canaliensis
candens, candentis
candicens, candicentis
candidans, candidantis
canens, canentis
canicularis, canicularis
caniformis, caniformis
canonicalis, canonicalis
cantabilis, cantabilis
cantatrix, cantatricis
capabilis, capabilis
capax, capacis
capillaris, capillaris
capitalis, capitalis
capito, capitonis
capitularis, capitularis
caprilis, caprilis
capripes, capripedis
captatrix, captatricis
captibilis, captibilis
capularis, capularis
caputalis, caputalis
carceralis, carceralis
cardinalis, cardinalis
carians, cariantis
carnalis, carnalis
carnifex, carnificis
carnufex, carnuficis
Carthaginiensis, Carthaginiensis
castigabilis, castigabilis
castimonialis, castimonialis
castrensis, castrensis
casualis, casualis
catax, catacis
cathedralis, cathedralis
caudicalis, caudicalis
causalis, causalis
causidicalis, causidicalis
cautionalis, cautionalis
cavealis, cavealis
caviaris, caviaris
cedens, cedentis
celeber, celebris
celebrabilis, celebrabilis
celebris, celebris
celer, celeris
celeripes, celeripedis
celestis, celestis
cellariensis, cellariensis
cellaris, cellaris
cellularis, cellularis
celox, celocis
cenalis, cenalis
censualis, censualis
centenionalis, centenionalis
centesimalis, centesimalis
centiceps, centcipitis
centimalis, centimalis
centipes, centipedis
centiplex, centiplicis
centralis, centralis
centumplex, centumplicis
centumviralis, centumviralis
centuplex, centuplicis
centurialis, centurialis
ceps, cipis
Cerealis, Cerealis
cerebralis, cerebralis
ceremonialis, ceremonialis
cerimonialis, cerimonialis
chalcaspis, chalcaspidis
chironomon, chironomuntis
choralis, choralis
chortalis, chortalis
chrismalis, chrismalis
Christifidelis, Christifidelis
Christipotens, Christipotentis
chrysitis, chrysitidis
chrysizon, chrysizontis
chrysizon, chrysizontos
cibalis, cibalis
cicur, cicuris
cincinnalis, cincinnalis
circensis, circensis
circiensis, circiensis
circularis, circularis
circumcordialis, circumcordialis
circumcurrens, circumcurrentis
circumflexibilis, circumflexibilis
circumgarriens, circumgarrientis
circumiectalis, circumiectalis
circumjacens, circumjacentis
circumlabens, circumlabentis
circumlucens, circumlucentis
circummulcens, circummulcentis
circumnascens, circumnascentis
circumstridens, circumstridentis
circumvolitabilis, circumvolitabilis
Cisterciensis, Cisterciensis
citipes, citipedis
citiremis, citiremis
civilis, civilis
clabularis, clabularis
claustralis, claustralis
clavularis, clavularis
clemens, clementis
clericalis, clericalis
clivis, clivis
cloacalis, cloacalis
clunalis, clunalis
Cluniacensis, Cluniacensis
clusaris, clusaris
clusilis, clusilis
coactilis, coactilis
coaequalis, coaequalis
cochlearis, cochlearis
cocibilis, cocibilis
cocinaris, cocinaris
coctilis, coctilis
codicillaris, codicillaris
coeles, coelitis
coelestis, coelestis
coelipotens, coelipotentis
coemptionalis, coemptionalis
cogitabilis, cogitabilis
cognitionalis, cognitionalis
cognobilis, cognobilis
cognominis, cognominis
cognoscens, cognoscentis
cohaerens, cohaerentis
cohibilis, cohibilis
cohortalis, cohortalis
colens, colentis
collaris, collaris
collateralis, collateralis
collaudabilis, collaudabilis
collegialis, collegialis
colliciaris, colliciaris
colluviaris, colluviaris
colorabilis, colorabilis
coloratilis, coloratilis
columellaris, columellaris
columis, columis
columnaris, columnaris
comans, comantis
combustibilis, combustibilis
comestabilis, comestabilis
comestibilis, comestibilis
comis, comis
comitabilis, comitabilis
comitatensis, comitatensis
comitialis, comitialis
commeabilis, commeabilis
commeatalis, commeatalis
commemorabilis, commemorabilis
commendabilis, commendabilis
commensurabilis, commensurabilis
commictilis, commictilis
commiscibilis, commiscibilis
commissuralis, commissuralis
commobilis, commobilis
commortalis, commortalis
commovens, commoventis
communalis, communalis
communicabilis, communicabilis
communis, communis
commutabilis, commutabilis
comoinis, comoinis
compactilis, compactilis
compar, comparis
comparabilis, comparabilis
comparilis, comparilis
comparticeps, comparticipis
compassibilis, compassibilis
compatiens, compatientis
compernis, compernis
competalis, competalis
competens, competentis
compitalis, compitalis
compitensis, compitensis
complex, complicis
complicabilis, complicabilis
complus, compluris
componderans, componderantis
comportionalis, comportionalis
compos, compotis
composcens, composcentis
compotens, compotentis
comprehendibilis, comprehendibilis
comprehensibilis, comprehensibilis
comprimens, comprimentis
comprovincialis, comprovincialis
comptionalis, comptionalis
computabilis, computabilis
comunis, comunis
conabilis, conabilis
conceptionalis, conceptionalis
conchortalis, conchortalis
conciens, concientis
conciliaris, conciliaris
concinens, concinentis
concinnis, concinnis
concionalis, concionalis
concitatrix, concitatricis
conclamans, conclamantis
concohortalis, concohortalis
concolor, concoloris
concolorans, concolorantis
concordabilis, concordabilis
concordialis, concordialis
concordis, concordis
concorporalis, concorporalis
concors, concordis
concubinalis, concubinalis
concubitalis, concubitalis
concupiens, concupientis
concupiscentialis, concupiscentialis
concupiscibilis, concupiscibilis
concurialis, concurialis
concursator, concursatoris
concussibilis, concussibilis
condecens, condecentis
condemnabilis, condemnabilis
condicionabilis, condicionabilis
condicionalis, condicionalis
conditionabilis, conditionabilis
conditionalis, conditionalis
conducibilis, conducibilis
confamulans, confamulantis
confatalis, confatalis
confessionalis, confessionalis
conficiens, conficientis
confidens, confidentis
confinis, confinis
confixilis, confixilis
conflans, conflantis
conflatilis, conflatilis
conflorens, conflorentis
conforane, conforaneis
conformalis, conformalis
conformis, conformis
congerminalis, congerminalis
congialis, congialis
congluvialis, congluvialis
congregabilis, congregabilis
congregalis, congregalis
congrex, congregis
congruens, congruentis
conjecturalis, conjecturalis
conjugalis, conjugalis
conjugialis, conjugialis
conjunx, conjugis
conlaudabilis, conlaudabilis
conlegialis, conlegialis
conliciaris, conliciaris
conluviaris, conluviaris
conmemorabilis, conmemorabilis
conmunicabilis, conmunicabilis
conmunis, conmunis
connubialis, connubialis
conpar, conparis
conparabilis, conparabilis
conpetalis, conpetalis
conpetens, conpetentis
conpitalis, conpitalis
conpitensis, conpitensis
conplus, conpluris
conpos, conpotis
conpotens, conpotentis
conprehendibilis, conprehendibilis
conprehensibilis, conprehensibilis
conprimens, conprimentis
conputabilis, conputabilis
conrecumbens, conrecumbentis
conrugis, conrugis
conruptibilis, conruptibilis
conruptrix, conruptricis
conseminalis, conseminalis
Consens, Consentis
consensualis, consensualis
consentiens, consentientis
consequens, consequentis
conservabilis, conservabilis
conservans, conservantis
consimilis, consimilis
consistorialis, consistorialis
consociabilis, consociabilis
consolabilis, consolabilis
consonans, consonantis
consors, consortis
consortalis, consortalis
conspatians, conspatiantis
conspicabilis, conspicabilis
conspiciens, conspicientis
constans, constantis
constibilis, constibilis
consubstantialis, consubstantialis
consularis, consularis
consummabilis, consummabilis
consumptibilis, consumptibilis
consutilis, consutilis
contans, contantis
contemplabilis, contemplabilis
contemporalis, contemporalis
contemptibilis, contemptibilis
contemtibilis, contemtibilis
conternans, conternantis
contestificans, contestificantis
continens, continentis
contionalis, contionalis
contitularis, contitularis
contractabilis, contractabilis
contradicibilis, contradicibilis
contrajuris, contrajuris
contrectabilis, contrectabilis
contribulis, contribulis
controversialis, controversialis
contumax, contumacis
conturbator, conturbatoris
conubialis, conubialis
conveniens, convenientis
conventionalis, conventionalis
conversibilis, conversibilis
convertibilis, convertibilis
convivalis, convivalis
coodibilis, coodibilis
cops, copis
copulabilis, copulabilis
coquibilis, coquibilis
coquinaris, coquinaris
cordax, cordacis
Corinthienis, Corinthienis
corniculans, corniculantis
cornifrons, cornifrontis
cornipes, cornipedis
cornualis, cornualis
coronalis, coronalis
corporalis, corporalis
corpuscularis, corpuscularis
correcumbens, correcumbentis
corrugis, corrugis
corruptibilis, corruptibilis
corruptrix, corruptricis
costabilis, costabilis
cracens, cracentis
creabilis, creabilis
credibilis, credibilis
cremabilis, cremabilis
cremialis, cremialis
crepax, crepacis
crepusculascens, crepusculascentis
criminalis, criminalis
crinalis, crinalis
crispans, crispantis
crispcans, crispcantis
crispiculcans, crispiculcantis
cruciabilis, cruciabilis
crudelis, crudelis
cruralis, cruralis
cubans, cubantis
cubicularis, cubicularis
cubitalis, cubitalis
cujas, cujatis
cujatis, cujatis
culearis, culearis
cullearis, cullearis
culminalis, culminalis
culpabilis, culpabilis
cultualis, cultualis
culturalis, culturalis
cumatilis, cumatilis
cunctalis, cunctalis
cunctans, cunctantis
cunctipotens, cunctipotentis
cuneiformis, cuneiformis
cunicularis, cunicularis
cupes, cupedis
cupiens, cupientis
cuppes, cuppedis
curabilis, curabilis
curialis, curialis
curilis, curilis
curio, curionis
currax, curracis
currens, currentis
currilis, currilis
currulis, currulis
cursualis, cursualis
curulis, curulis
curvabilis, curvabilis
cussiliris, cussiliris
cymatilis, cymatilis
cynodon, cynodontis
damnabilis, damnabilis
dapalis, dapalis
dapsilis, dapsilis
debilis, debilis
December, Decembris
decemjugis, decemjugis
decemmestris, decemmestris
decempedalis, decempedalis
decemplex, decemplicis
decemremis, decemremis
decemviralis, decemviralis
decennalis, decennalis
decennis, decennis
decennovalis, decennovalis
decens, decentis
deceptrix, deceptricis
deceris, deceris
decidens, decidentis
decimalis, decimalis
decitans, decitantis
declinabilis, declinabilis
declinis, declinis
declivis, declivis
decolor, decoloris
decor, decoris
decoris, decoris
decretalis, decretalis
decumas, decumatis
decurialis, decurialis
decurionalis, decurionalis
decurionatis, decurionatis
dedecens, dedecentis
dedecor, dedecoris
deducibilis, deducibilis
dedux, deducis
defaecabilis, defaecabilis
defamis, defamis
defecabilis, defecabilis
defectibilis, defectibilis
defectrix, defectricis
defensabilis, defensabilis
defensibilis, defensibilis
deforcians, deforciantis
deformis, deformis
degener, degeneris
deiformis, deiformis
deinceps, deincipis
deinceps, deincipitis
dejugis, dejugis
delassabilis, delassabilis
delebilis, delebilis
delectabilis, delectabilis
deletilis, deletilis
deletrix, deletricis
deliciaris, deliciaris
delumbis, delumbis
demarchisas, demarchisantis
demens, dementis
demonstrabilis, demonstrabilis
demutabilis, demutabilis
denecalis, denecalis
denicalis, denicalis
densabilis, densabilis
depilis, depilis
deplumis, deplumis
deponens, deponentis
deprandis, deprandis
deprans, deprandis
deprecabilis, deprecabilis
deproelians, deproeliantis
depubes, depuberis
depugis, depugis
depygis, depygis
deseps, desipis
deses, desidis
desiderabilis, desiderabilis
desiderans, desiderantis
desipiens, desipientis
desommis, desommis
desonans, desonantis
desperabilis, desperabilis
despicabilis, despicabilis
despicans, despicantis
dessidens, dessidentis
destructibilis, destructibilis
destructilis, destructilis
desultrix, desultricis
determinabilis, determinabilis
detestabilis, detestabilis
devorabilis, devorabilis
diaconalis, diaconalis
diademalis, diademalis
diagonalis, diagonalis
Dialis, Dialis
dialutensis, dialutensis
diametralis, diametralis
diametricalis, diametricalis
dicax, dicacis
differens, differentis
differentialis, differentialis
difficilis, difficilis
diffidens, diffidentis
diffors, diffortis
diffusilis, diffusilis
digestibilis, digestibilis
digestilis, digestilis
digitalis, digitalis
digladiabilis, digladiabilis
dignabilis, dignabilis
dignans, dignantis
dignitos, dignitosis
dignitoss, dignitossis
diligens, diligentis
diligibilis, diligibilis
diloris, diloris
diluvialis, diluvialis
dimissorialis, dimissorialis
dinumerabilis, dinumerabilis
diobolaris, diobolaris
dirimens, dirimentis
dis, ditis
disciplinabilis, disciplinabilis
disciplinaris, disciplinaris
discolor, discoloris
discors, discordis
discriminalis, discriminalis
dispar, disparis
dissimilis, dissimilis
dissociabilis, dissociabilis
dissors, dissortis
distans, distantis
divaliis, divaliis
dives, divitis
divisibilis, divisibilis
docibilis, docibilis
docilis, docilis
doctoralis, doctoralis
doctrinalis, doctrinalis
documentalis, documentalis
domabilis, domabilis
dominicalis, dominicalis
dorsualis, dorsualis
dotalis, dotalis
ductilis, ductilis
dulcis, dulcis
duplaris, duplaris
duplex, duplicis
duumviralis, duumviralis
ecclesialis, ecclesialis
edax, edacis
edibilis, edibilis
edictalis, edictalis
edulis, edulis
efficax, efficacis
efficiens, efficientis
effrons, effrontis
egens, egentis
elamentabilis, elamentabilis
elanguens, elanguentis
elegans, elegantis
elementaris, elementaris
eligibilis, eligibilis
elinguis, elinguis
eloquens, eloquentis
elumbis, elumbis
emax, emacis
eminens, eminentis
emortualis, emortualis
enarrabilis, enarrabilis
enervis, enervis
enodis, enodis
enormis, enormis
enuntiabilis, enuntiabilis
episcopalis, episcopalis
epistolaris, epistolaris
epistularis, epistularis
equester, equestris
equestr, equestris
eremitis, eremidis
erilis, erilis
essentialis, essentialis
essuriens, essurientis
estuans, estuantis
esuriens, esurientis
eucharis, eucharis
euhans, euhantis
eutyches, eutychetis
evans, evantis
evidens, evidentis
evitabilis, evitabilis
exanimalis, exanimalis
exanimis, exanimis
exaudibilis, exaudibilis
exaudiens, exaudientis
excellens, excellentis
exceptionalis, exceptionalis
excors, excordis
excusabilis, excusabilis
execrabilis, execrabilis
execribilis, execribilis
exemplabilis, exemplabilis
exemplaris, exemplaris
exequialis, exequialis
exercitrix, exercitricis
exercitualis, exercitualis
exheres, exheredis
exilis, exilis
existentialis, existentialis
exitiabilis, exitiabilis
exitialis, exitialis
exlex, exlegis
exorabilis, exorabilis
exors, exortis
exos, exosis
experiens, experientis
experimentalis, experimentalis
expers, expertis
exponentialis, exponentialis
exprobrabilis, exprobrabilis
expugnabilis, expugnabilis
expugnax, expugnacis
exsanguis, exsanguis
exsaturabilis, exsaturabilis
exsecrabilis, exsecrabilis
exsecribilis, exsecribilis
exsequialis, exsequialis
exsomnis, exsomnis
exsors, exsortis
exsultabilis, exsultabilis
exsuperabilis, exsuperabilis
extemporalis, extemporalis
extorris, extorris
extrajudicialis, extrajudicialis
extrasacramentalis, extrasacramentalis
exuperabilis, exuperabilis
fabrilis, fabrilis
facialis, facialis
facilis, facilis
faenebris, faenebris
fallax, fallacis
famigerabilis, famigerabilis
familialis, familialis
familiaris, familiaris
famularis, famularis
fatalis, fatalis
favorabilis, favorabilis
felix, felicis
feralis, feralis
ferax, feracis
ferialis, ferialis
ferox, ferocis
ferratilis, ferratilis
fertilis, fertilis
fervens, ferventis
fetialis, fetialis
fictilis, fictilis
fidelis, fidelis
fidens, fidentis
filiformis, filiformis
finalis, finalis
fiscalis, fiscalis
fissilis, fissilis
flagrans, flagrantis
flandrensis, flandrensis
flatilis, flatilis
flebilis, flebilis
flexibilis, flexibilis
flexilis, flexilis
flexipes, flexipedis
florens, florentis
fluorescens, fluorescentis
fluvialis, fluvialis
fluviatilis, fluviatilis
fluxilis, fluxilis
foederalis, foederalis
fontalis, fontalis
forabilis, forabilis
forensis, forensis
formabilis, formabilis
formalis, formalis
formidabilis, formidabilis
fortis, fortis
fossilis, fossilis
fragilis, fragilis
fraglans, fraglantis
frequens, frequentis
frugalis, frugalis
frugiferens, frugiferentis
fugax, fugacis
fulgens, fulgentis
fumigans, fumigantis
functionalis, functionalis
funebris, funebris
furax, furacis
furialis, furialis
fusiformis, fusiformis
fusilis, fusilis
futilis, futilis
futtilis, futtilis
gasalis, gasalis
gehennalis, gehennalis
generalis, generalis
genialis, genialis
genitalis, genitalis
gentilis, gentilis
germinalis, germinalis
glacialis, glacialis
globalis, globalis
gracilis, gracilis
gradalis, gradalis
gradualis, gradualis
grandis, grandis
graveolens, graveolentis
gravis, gravis
gregalis, gregalis
gremialis, gremialis
gutturalis, gutturalis
habilis, habilis
habitabilis, habitabilis
habitualis, habitualis
habitudinalis, habitudinalis
harpax, harpacis
hastilis, hastilis
havens, haventis
hebes, hebetis
Hebraicis, Hebraicis
herbipotens, herbipotentis
heterosexualis, heterosexualis
hibernalis, hibernalis
hiemalis, hiemalis
hiemans, hiemantis
hilaris, hilaris
Hipponensis, Hipponensis
historialis, historialis
homosexualis, homosexualis
honorabilis, honorabilis
horalis, horalis
horizontalis, horizontalis
horribilis, horribilis
hortensis, hortensis
hospes, hospitis
hospitalis, hospitalis
hostilis, hostilis
humens, humentis
humilis, humilis
hybernalis, hybernalis
idololatrix, idololatricis
iens, euntis
ignipes, ignipedis
ignipotens, ignipotentis
ignobilis, ignobilis
ignorans, ignorantis
illacrimabilis, illacrimabilis
illaetabilis, illaetabilis
illegalis, illegalis
illex, illegis
illex, illicis
illiberalis, illiberalis
illustris, illustris
imbecillis, imbecillis
imbellis, imbellis
imberbis, imberbis
imitabilis, imitabilis
immaculabilis, immaculabilis
immanis, immanis
immarcescibilis, immarcescibilis
immaterialis, immaterialis
immedicabilis, immedicabilis
immemor, immemoris
immemorabilis, immemorabilis
immensurabilis, immensurabilis
immerens, immerentis
immersabilis, immersabilis
immiserabilis, immiserabilis
immisericors, immisericordis
immitis, immitis
immobilis, immobilis
immortalis, immortalis
immunis, immunis
immutabilis, immutabilis
impar, imparis
impassibilis, impassibilis
impatiens, impatientis
impenetrabilis, impenetrabilis
imperceptibilis, imperceptibilis
imperialis, imperialis
impermutabilis, impermutabilis
imperscrutabilis, imperscrutabilis
impersonalis, impersonalis
imperturbabilis, imperturbabilis
impetibilis, impetibilis
impetrabilis, impetrabilis
implacabilis, implacabilis
implumis, implumis
impos, impotis
impossibilis, impossibilis
impotens, impotentis
improportionabilis, improportionabilis
imprudens, imprudentis
impubes, impuberis
impubis, impubis
impudens, impudentis
impunis, impunis
imputabilis, imputabilis
imputribilis, imputribilis
inaccessibilis, inaccessibilis
inaequabilis, inaequabilis
inaequalis, inaequalis
inaestimabilis, inaestimabilis
inamabilis, inamabilis
inanimans, inanimantis
inanimis, inanimis
inanis, inanis
inartificialis, inartificialis
inauguralis, inauguralis
inbecillis, inbecillis
inbellis, inbellis
incapabilis, incapabilis
incapax, incapaxis
incapiabilis, incapiabilis
inceleber, incelebris
incessabilis, incessabilis
incidens, incidentis
incidentalis, incidentalis
inciens, incientis
incilis, incilis
incircumscriptibilis, incircumscriptibilis
incivilis, incivilis
inclemens, inclementis
incogitabilis, incogitabilis
incogitans, incogitantis
incolomis, incolomis
incolumis, incolumis
incommensurabilis, incommensurabilis
incommutabilis, incommutabilis
incomparabilis, incomparabilis
incompatibilis, incompatibilis
incompetens, incompetentis
incomprehensibilis, incomprehensibilis
inconfusibilis, inconfusibilis
incongruens, incongruentis
inconruptibilis, inconruptibilis
inconsequens, inconsequentis
inconstabilis, inconstabilis
inconstans, inconstantis
inconsummabilis, inconsummabilis
incontaminabilis, incontaminabilis
incontinens, incontinentis
inconveniens, inconvenientis
incorporalis, incorporalis
incorrigibilis, incorrigibilis
incorruptibilis, incorruptibilis
incredibilis, incredibilis
incunctabilis, incunctabilis
indecens, indecentis
indecor, indecoris
indecoris, indecoris
indeficiens, indeficientis
indelebilis, indelebilis
indemnis, indemnis
indemutabilis, indemutabilis
independens, independentis
indifferens, indifferentis
indigens, indigentis
indiges, indigis
indiligens, indiligentis
indissimilis, indissimilis
indissolubilis, indissolubilis
indistinguibilis, indistinguibilis
individualis, individualis
indivisibilis, indivisibilis
indocilis, indocilis
indomabilis, indomabilis
indubitabilis, indubitabilis
indulgens, indulgentis
industrialis, industrialis
inedicabilis, inedicabilis
inedicibilis, inedicibilis
ineffabilis, ineffabilis
inefficax, inefficacis
inelegans, inelegantis
ineluctabilis, ineluctabilis
inemendabilis, inemendabilis
inenarrabilis, inenarrabilis
inermis, inermis
inerrans, inerrantis
iners, inertis
inevitabilis, inevitabilis
inevulsibilis, inevulsibilis
inexcusabilis, inexcusabilis
inexorabilis, inexorabilis
inexpiabilis, inexpiabilis
inexplebilis, inexplebilis
inexplicabilis, inexplicabilis
inexpugnabilis, inexpugnabilis
inexpugnalis, inexpugnalis
inexstinguibilis, inexstinguibilis
inexsuperabilis, inexsuperabilis
inextinguibilis, inextinguibilis
inextricabilis, inextricabilis
inexuperabilis, inexuperabilis
infallibilis, infallibilis
infamis, infamis
infans, infantis
infantilis, infantilis
infatigabilis, infatigabilis
infelix, infelicis
infernalis, infernalis
infidelis, infidelis
infinitesimalis, infinitesimalis
infirmis, infirmis
infitialis, infitialis
inflammabilis, inflammabilis
inflexibilis, inflexibilis
informis, informis
infrenis, infrenis
infrequens, infrequentis
infrons, infrondis
ingens, ingentis
inhabilis, inhabilis
inhabitabilis, inhabitabilis
inhonorabilis, inhonorabilis
inhonoris, inhonoris
inhospitalis, inhospitalis
inimitabilis, inimitabilis
initialis, initialis
inlex, inlegis
inliberalis, inliberalis
inlimis, inlimis
inlocabilis, inlocabilis
inlustris, inlustris
inmanis, inmanis
inmemor, inmemoris
inmensurabilis, inmensurabilis
inmobilis, inmobilis
inmortalis, inmortalis
inmunis, inmunis
inmutabilis, inmutabilis
innabilis, innabilis
innavigabilis, innavigabilis
innocens, innocentis
innumerabilis, innumerabilis
innumeralis, innumeralis
inobedibilis, inobedibilis
inobediens, inobedientis
inoboedibilis, inoboedibilis
inoboediens, inoboedientis
inobservabilis, inobservabilis
inolens, inolentis
inopinabilis, inopinabilis
inopinans, inopinantis
inopiniabilis, inopiniabilis
inops, inopis
inormis, inormis
inpar, inparis
inpassibilis, inpassibilis
inperialis, inperialis
inpos, inpotis
inpotens, inpotentis
inproportionabilis, inproportionabilis
inprudens, inprudentis
inpubes, inpuberis
inpubis, inpubis
inpudens, inpudentis
inpunis, inpunis
inputribilis, inputribilis
inquies, inquietis
inrationabilis, inrationabilis
inrationalis, inrationalis
inrecordabilis, inrecordabilis
inrecuperabilis, inrecuperabilis
inrecusabilis, inrecusabilis
inreductibilis, inreductibilis
inreformabilis, inreformabilis
inrefragabilis, inrefragabilis
inrefrenabilis, inrefrenabilis
inregressibilis, inregressibilis
inregularis, inregularis
inremeabilis, inremeabilis
inremediabilis, inremediabilis
inremissibilis, inremissibilis
inremunerabilis, inremunerabilis
inreparabilis, inreparabilis
inreprehensibilis, inreprehensibilis
inreverens, inreverentis
inrevocabilis, inrevocabilis
insalubris, insalubris
insanabilis, insanabilis
insatiabilis, insatiabilis
insciens, inscientis
inscrutabilis, inscrutabilis
insensibilis, insensibilis
inseparabilis, inseparabilis
insignis, insignis
insipiens, insipientis
insociabilis, insociabilis
insolens, insolentis
insolubilis, insolubilis
insomnis, insomnis
insons, insontis
insperans, insperantis
instabilis, instabilis
instans, instantis
institutionalis, institutionalis
instrumentalis, instrumentalis
insuadibilis, insuadibilis
insuavis, insuavis
insufficiens, insufficientis
insuperabilis, insuperabilis
intaminabilis, intaminabilis
integralis, integralis
intellectibilis, intellectibilis
intellectualis, intellectualis
intellegens, intellegentis
intellegibilis, intellegibilis
intemperans, intemperantis
intentionalis, intentionalis
intercus, intercutis
interfulgens, interfulgentis
interminabilis, interminabilis
intermuralis, intermuralis
internationalis, internationalis
interrasilis, interrasilis
interretialis, interretialis
intestabilis, intestabilis
intitubabilis, intitubabilis
intolerabilis, intolerabilis
intolerans, intolerantis
intractabilis, intractabilis
intransmeabilis, intransmeabilis
intransmutabilis, intransmutabilis
inutilis, inutilis
invest, investis
investigabilis, investigabilis
invidens, invidentis
invincibilis, invincibilis
inviolabilis, inviolabilis
invisibil, invisibilis
invituperabilis, invituperabilis
invulnerabilis, invulnerabilis
irascibilis, irascibilis
irrationabilis, irrationabilis
irrationalis, irrationalis
irrecordabilis, irrecordabilis
irrecuperabilis, irrecuperabilis
irrecusabilis, irrecusabilis
irreductibilis, irreductibilis
irreformabilis, irreformabilis
irrefragabilis, irrefragabilis
irrefrenabilis, irrefrenabilis
irregressibilis, irregressibilis
irregularis, irregularis
irremeabilis, irremeabilis
irremediabilis, irremediabilis
irremissibilis, irremissibilis
irremunerabilis, irremunerabilis
irreparabilis, irreparabilis
irreprehensibilis, irreprehensibilis
irreverens, irreverentis
irrevocabilis, irrevocabilis
irritabilis, irritabilis
itinerans, itinerantis
jactans, jactantis
jocularis, jocularis
judicalis, judicalis
jugalis, jugalis
jugis, jugis
juridicialis, juridicialis
juvenalis, juvenalis
juvenilis, juvenilis
juvenis, juvenis
lacrimabilis, lacrimabilis
lacrimalis, lacrimalis
lactans, lactantis
lactens, lactentis
laetabilis, laetabilis
laetans, laetantis
laicalis, laicalis
lamentabilis, lamentabilis
lapidaris, lapidaris
largitionalis, largitionalis
larualis, larualis
larvalis, larvalis
latebros, latebrosis
latens, latentis
lateralis, lateralis
laudabilis, laudabilis
lavabilis, lavabilis
legalis, legalis
lenis, lenis
letalis, letalis
leucaspis, leucaspidis
levidensis, levidensis
levis, levis
lexicalis, lexicalis
libens, libentis
liberalis, liberalis
librilis, librilis
licens, licentis
limitaris, limitaris
limitrophis, limitrophis
litoralis, litoralis
litteralis, litteralis
livens, liventis
localis, localis
locuples, locupletis
longanimis, longanimis
loquax, loquacis
loripes, loripedis
lubens, lubentis
lugubris, lugubris
lunaris, lunaris
lustralis, lustralis
lymphans, lymphantis
Macedonienis, Macedonienis
machinalis, machinalis
Madianitis, Madianitidis
maerens, maerentis
magnes, magnetis
magnetizabilis, magnetizabilis
maledicax, maledicacis
maledicens, maledicentis
malevolens, malevolentis
malignans, malignantis
malivolens, malivolentis
mamzer, mamzeris
manipularis, manipularis
mansues, mansuetis
mansues, mansuis
manualis, manualis
manzer, manzeris
marcens, marcentis
marginalis, marginalis
Martialis, Martialis
mas, maris
materialis, materialis
matricalis, matricalis
matrimonialis, matrimonialis
matronalis, matronalis
maxillaris, maxillaris
measurabilis, measurabilis
mediaevalis, mediaevalis
medians, mediantis
medicabilis, medicabilis
mediocris, mediocris
memiens, memientis
memor, memoris
memorabilis, memorabilis
memorialis, memorialis
mendax, mendacis
mensalis, mensalis
menstrualis, menstrualis
merens, merentis
meridionalis, meridionalis
metuens, metuentis
micans, micantis
militans, militantis
militaris, militaris
minax, minacis
mineralis, mineralis
ministerialis, ministerialis
minutalis, minutalis
mirabilis, mirabilis
miserabilis, miserabilis
misericors, misericordis
missibilis, missibilis
missilis, missilis
missionalis, missionalis
mitis, mitis
Moabitis, Moabitidis
mobilis, mobilis
moderabilis, moderabilis
moerens, moerentis
molecularis, molecularis
mollipes, mollipedis
mollis, mollis
monasterialis, monasterialis
monetabilis, monetabilis
monetalis, monetalis
monogerminalis, monogerminalis
monosolis, monosolis
moralis, moralis
mordax, mordacis
mortalis, mortalis
muliebris, muliebris
multicellularis, multicellularis
multicolor, multicoloris
multiformis, multiformis
multigener, multigeneris
multijugis, multijugis
multiloquax, multiloquacis
multiplex, multiplicis
multiplicabilis, multiplicabilis
mundialis, mundialis
municipalis, municipalis
munificens, munificentis
muralis, muralis
mutabilis, mutabilis
mutuens, mutuentis
myops, myopis
myriadalis, myriadalis
narrabilis, narrabilis
natalis, natalis
natatilis, natatilis
nationalis, nationalis
naturalis, naturalis
naturans, naturantis
navalis, navalis
navigabilis, navigabilis
neclegens, neclegentis
necopinans, necopinantis
neglegens, neglegentis
nemoralis, nemoralis
nemorensis, nemorensis
neuter, neutrius
nexilis, nexilis
nigrans, nigrantis
nivalis, nivalis
nobilis, nobilis
nocens, nocentis
nocturnalis, nocturnalis
nonnullus, nonnullius
notabilis, notabilis
notionalis, notionalis
November, Novembris
novendialis, novendialis
noxalis, noxalis
nubilis, nubilis
nuclearis, nuclearis
nullus, nullius
numerabilis, numerabilis
nuptialis, nuptialis
nutabilis, nutabilis
obedens, obedentis
oboedens, oboedentis
oboediens, oboedientis
obsequens, obsequentis
obsidialis, obsidialis
obsidionalis, obsidionalis
occidens, occidentis
occidentalis, occidentalis
ocis, ocis
octipes, octipedis
October, Octobris
octoiugis, octoiugis
odibilis, odibilis
officialis, officialis
olens, olentis
omniparens, omniparentis
omnipotens, omnipotentis
omnipraesens, omnipraesentis
omnis, omnis
omnituens, omnituentis
optabilis, optabilis
optimas, optimatis
opulens, opulentis
oralis, oralis
orbicularis, orbicularis
ordinatralis, ordinatralis
organalis, organalis
oriens, orientis
orientalis, orientalis
originalis, originalis
oscitans, oscitantis
pacalis, pacalis
paciens, pacientis
pallens, pallentis
palmaris, palmaris
paludester, paludestris
paluster, palustris
panegyris, panegyris
papalis, papalis
par, paris
parabilis, parabilis
parabolois, paraboloidis
parens, parentis
parentalis, parentalis
parilis, parilis
parlamentaris, parlamentaris
parochialis, parochialis
paroecialis, paroecialis
parricidalis, parricidalis
partibilis, partibilis
particeps, participis
participialis, participialis
particularis, particularis
paschalis, paschalis
passibilis, passibilis
pastoralis, pastoralis
patens, patentis
patibilis, patibilis
patiens, patientis
patruelis, patruelis
pauper, pauperis
peccabilis, peccabilis
peccatrix, peccatricis
peculiaris, peculiaris
pedalis, pedalis
pedes, peditis
pedester, pedestris
pedifollis, pedifollis
pellax, pellacis
penetrabilis, penetrabilis
penetralis, penetralis
penitentialis, penitentialis
pennipes, pennipedis
pennipotens, pennipotentis
pensilis, pensilis
Pentecostalis, Pentecostalis
peracer, peracris
peradulescens, peradulescentis
peramans, peramantis
perceler, perceleris
perceptibilis, perceptibilis
percomis, percomis
percontumax, percontumacis
perdiligens, perdiligentis
perdives, perdivitis
perelegans, perelegantis
pereloquens, pereloquentis
perennis, perennis
perfacilis, perfacilis
perfamiliaris, perfamiliaris
perflabilis, perflabilis
perfrequens, perfrequentis
pergrandis, pergrandis
pergravis, pergravis
perindulgens, perindulgentis
perlevis, perlevis
perlibens, perlibentis
perliberalis, perliberalis
permediocris, permediocris
permitialis, permitialis
perniciabilis, perniciabilis
pernix, pernicis
pernobilis, pernobilis
pernot, pernotis
pernox, pernoctis
perpauper, perpauperis
perpes, perpetis
perpetualis, perpetualis
perpugnax, perpugnacis
persapiens, persapientis
persegnis, persegnis
perseverans, perseverantis
persimilis, persimilis
persimplex, persimplicis
Persis, Persidis
Persis, Persidos
personalis, personalis
perspicax, perspicacis
perspicibilis, perspicibilis
persuasibilis, persuasibilis
persubtilis, persubtilis
pertenuis, pertenuis
pertinax, pertinacis
pertristis, pertristis
perturpis, perturpis
pervetus, perveteris
pervicax, pervicacis
pervigil, pervigilis
pervilis, pervilis
pestilens, pestilentis
petulans, petulantis
piacularis, piacularis
piens, pientis
pinguis, pinguis
pinnipes, pinnipedis
pistrinensis, pistrinensis
placabilis, placabilis
plagalis, plagalis
plantaris, plantaris
plausibilis, plausibilis
plex, plicis
plumipes, plumipedis
pluralis, pluralis
plus, pluris
pluvialis, pluvialis
poenicans, poenicantis
polaris, polaris
pollens, pollentis
pollicaris, pollicaris
pontificalis, pontificalis
populabilis, populabilis
popularis, popularis
possibilis, possibilis
postalis, postalis
potens, potentis
praecellens, praecellentis
praeceps, praecipitis
praecluis, praecluis
praecoquis, praecoquis
praecox, praecocis
praecumbrans, praecumbrantis
praedives, praedivitis
praedulcis, praedulcis
praeferox, praeferocis
praegnans, praegnantis
praegnas, praegnatis
praegracilis, praegracilis
praegravis, praegravis
praejudicialis, praejudicialis
praelustris, praelustris
praenatalis, praenatalis
praepes, praepetis
praepinguis, praepinguis
praepotens, praepotentis
praesens, praesentis
praesentialis, praesentialis
praesidalis, praesidalis
praesidentialis, praesidentialis
praesidialis, praesidialis
praesignis, praesignis
praestabilis, praestabilis
praestans, praestantis
praetenuis, praetenuis
praeterequitans, praeterequitantis
pratensis, pratensis
pravicors, pravicordis
precordialis, precordialis
presbyteralis, presbyteralis
primas, primatis
primipilaris, primipilaris
primogenitalis, primogenitalis
primopilaris, primopilaris
primoris, primoris
princeps, principis
principalis, principalis
principialis, principialis
probabilis, probabilis
probalis, probalis
procax, procacis
procinctualis, procinctualis
proclivis, proclivis
proconsularis, proconsularis
professionalis, professionalis
promercalis, promercalis
prominens, prominentis
properipes, properipedis
propitabilis, propitabilis
proportionalis, proportionalis
prostibilis, prostibilis
proverbialis, proverbialis
provincialis, provincialis
prudens, prudentis
pubens, pubentis
pubes, puberis
pudens, pudentis
puellaris, puellaris
puerilis, puerilis
pugillaris, pugillaris
pugnax, pugnacis
pulicaris, pulicaris
pulsatilis, pulsatilis
punicans, punicantis
pupillaris, pupillaris
pusillanimis, pusillanimis
pusillianimis, pusillianimis
putealis, putealis
puter, putris
putris, putris
quadrantalis, quadrantalis
quadrijugis, quadrijugis
quadrilibris, quadrilibris
quadriplex, quadriplicis
quadriremis, quadriremis
quadrupedans, quadrupedantis
quadrupes, quadrupedis
quadruplex, quadruplicis
qualis, qualis
Quinctilis, Quinctilis
quindecimviralis, quindecimviralis
quinquennalis, quinquennalis
quinquennis, quinquennis
quinqueremis, quinqueremis
quinticeps, quinticipitis
Quintilis, Quintilis
quojas, quojatis
quojatis, quojatis
racialis, racialis
radiatilis, radiatilis
radicalis, radicalis
rancens, rancentis
rapax, rapacis
rasilis, rasilis
rationabilis, rationabilis
rationalabilis, rationalabilis
rationalis, rationalis
realis, realis
rebellis, rebellis
recens, recentis
reclinis, reclinis
redux, reducis
regalis, regalis
regnatrix, regnatricis
regularis, regularis
relationalis, relationalis
renidens, renidentis
reparabilis, reparabilis
repens, repentis
replebilis, replebilis
reprehensibilis, reprehensibilis
reptilis, reptilis
reses, residis
residentialis, residentialis
resonabilis, resonabilis
responsabilis, responsabilis
responsalis, responsalis
retinens, retinentis
reverens, reverentis
revocabilis, revocabilis
revolubilis, revolubilis
rigens, rigentis
ripensis, ripensis
risibilis, risibilis
ritualis, ritualis
rogalis, rogalis
rogatorialis, rogatorialis
rubens, rubentis
rudis, rudis
ruminalis, ruminalis
sacerdotalis, sacerdotalis
sacerdotialis, sacerdotialis
saeclaris, saeclaris
saecularis, saecularis
sagax, sagacis
salax, salacis
saliaris, saliaris
saluber, salubris
salutaris, salutaris
sanabilis, sanabilis
sanctimonialis, sanctimonialis
sanguinans, sanguinantis
sanqualis, sanqualis
sapiens, sapientis
scaenalis, scaenalis
scholaris, scholaris
scibilis, scibilis
sciens, scientis
scissilis, scissilis
scrutabilis, scrutabilis
sculptilis, sculptilis
sectilis, sectilis
seculis, seculis
segnipes, segnipedis
segnis, segnis
sellaris, sellaris
semenstris, semenstris
semermis, semermis
semestris, semestris
semianimis, semianimis
semicubitalis, semicubitalis
semiermis, semiermis
semigravis, semigravis
semihians, semihiantis
semimas, semimaris
seminex, seminecis
semitalis, semitalis
semivocalis, semivocalis
sempiternalis, sempiternalis
senex, senis
senilis, senilis
sensibilis, sensibilis
sensilis, sensilis
sensualis, sensualis
sentimentalis, sentimentalis
separ, separis
sepes, sepedis
September, Septembris
septemplex, septemplicis
septemtrionalis, septemtrionalis
septemviralis, septemviralis
septentrionalis, septentrionalis
septicollis, septicollis
septiforis, septiforis
septiformis, septiformis
septimplex, septimplicis
septuennis, septuennis
sepulcralis, sepulcralis
sequax, sequacis
sequens, sequentis
sermocinalis, sermocinalis
serpentipes, serpentipedis
servabilis, servabilis
servans, servantis
servilis, servilis
sescenaris, sescenaris
sesqualter, sesqualterius
sesquealter, sesquealterius
sesquialter, sesquialterius
sesquipedalis, sesquipedalis
sesquiplex, sesquiplicis
sessilis, sessilis
sexagesimalis, sexagesimalis
sexennis, sexennis
sexqualter, sexqualterius
sexquialter, sexquialterius
sexticeps, sexticipitis
Sextilis, Sextilis
sexualis, sexualis
significans, significantis
silens, silentis
silvester, silvestris
silvestris, silvestris
silvicultrix, silvicultricis
similis, similis
simplex, simplicis
simulans, simulantis
sinceris, sinceris
singularis, singularis
sipar, siparis
sitiens, sitientis
situalis, situalis
socialis, socialis
socors, socordis
solemnis, solemnis
sollemnis, sollemnis
sollempnis, sollempnis
sollers, sollertis
solox, solocis
solstitialis, solstitialis
solus, solius
solutilis, solutilis
sonabilis, sonabilis
sons, sontis
sorbilis, sorbilis
sospes, sospitis
spadix, spadicis
spatialis, spatialis
specialis, specialis
spectabilis, spectabilis
sperabilis, sperabilis
spirabilis, spirabilis
spiralis, spiralis
spiritalis, spiritalis
spiritualis, spiritualis
spongiformis, spongiformis
sponsalis, sponsalis
spontalis, spontalis
stabilis, stabilis
statalis, statalis
stellans, stellantis
stercoralis, stercoralis
stercorinis, stercorinis
sterilis, sterilis
sternax, sternacis
structilis, structilis
structuralis, structuralis
suaveolens, suaveolentis
suaviloquens, suaviloquentis
suavis, suavis
subagrestis, subagrestis
subalaris, subalaris
subarmalis, subarmalis
subdialis, subdialis
subdifficilis, subdifficilis
subimpudens, subimpudentis
subinanis, subinanis
subjugalis, subjugalis
sublimis, sublimis
sublustris, sublustris
submultiplex, submultiplicis
subsidialis, subsidialis
substantialis, substantialis
subsuperparticularis, subsuperparticularis
subsuperpartiens, subsuperpartientis
subtilis, subtilis
subtristis, subtristis
subturpis, subturpis
subviridis, subviridis
sufficiens, sufficientis
suggrandis, suggrandis
suicidalis, suicidalis
summas, summatis
superabilis, superabilis
superans, superantis
superbiparticular, superbiparticularis
superbipartiens, superbipartientis
superexcellens, superexcellentis
superexcrescens, superexcrescentis
superimpendens, superimpendentis
superincidens, superincidentis
superincubans, superincubantis
supernaturalis, supernaturalis
superparticularis, superparticularis
superpartiens, superpartientis
superpendens, superpendentis
superstes, superstitis
supersubstantialis, supersubstantialis
supertriparticular, supertriparticularis
supertripartiens, supertripartientis
superurgens, superurgentis
suppar, supparis
supplex, supplicis
suptilis, suptilis
susceptibilis, susceptibilis
suspicax, suspicacis
sutilis, sutilis
syndicalis, syndicalis
tactilis, tactilis
tagax, tagacis
talaris, talaris
talis, talis
tangibilis, tangibilis
tardipes, tardipedis
tauriformis, tauriformis
telecopialis, telecopialis
telonialis, telonialis
temperans, temperantis
temporalis, temporalis
tenax, tenacis
tenuis, tenuis
teres, teretis
terminalis, terminalis
terrester, terrestris
terrestris, terrestris
terribilis, terribilis
textilis, textilis
theatralis, theatralis
tinctilis, tinctilis
tolerabilis, tolerabilis
tolerans, tolerantis
tolutilis, tolutilis
tonitrualis, tonitrualis
tonsilis, tonsilis
tornatilis, tornatilis
torrens, torrentis
tortilis, tortilis
totalis, totalis
totus, totius
trabalis, trabalis
tractabilis, tractabilis
tractalis, tractalis
traditionalis, traditionalis
transcendens, transcendentis
transcendentalis, transcendentalis
transformis, transformis
transmutabilis, transmutabilis
transversalis, transversalis
trepidans, trepidantis
triangularis, triangularis
tribualis, tribualis
tricliniaris, tricliniaris
tricorpor, tricorporis
tricuspis, tricuspidis
tridens, tridentis
triennis, triennis
trifaucis, trifaucis
trifaux, trifaucis
triformis, triformis
trilibris, trilibris
trilinguis, trilinguis
trilix, trilicis
trilustralis, trilustralis
trimenstris, trimenstris
trimestris, trimestris
trinodis, trinodis
tripedalis, tripedalis
tripes, tripedis
triplaris, triplaris
triplex, triplicis
triremis, triremis
tristis, tristis
triumphalis, triumphalis
triumviralis, triumviralis
trux, trucis
turmalis, turmalis
turpilucris, turpilucris
turpis, turpis
uber, uberis
ullus, ullius
ultrix, ultricis
umens, umentis
unanimans, unanimantis
unanimis, unanimis
unianimis, unianimis
unicaulis, unicaulis
unicellularis, unicellularis
unicolor, unicoloris
unicornis, unicornis
uniformis, uniformis
universalis, universalis
unus, unius
urceolaris, urceolaris
usualis, usualis
utens, utentis
utensilis, utensilis
uter, utrius
utibilis, utibilis
utilis, utilis
valens, valentis
vallaris, vallaris
variabilis, variabilis
vecors, vecordis
vectigalis, vectigalis
vegetabilis, vegetabilis
vegetalis, vegetalis
vegrandis, vegrandis
vehemens, vehementis
velitaris, velitaris
velivolans, velivolantis
velox, velocis
vemens, vementis
venalis, venalis
vendibilis, vendibilis
venerabilis, venerabilis
Veneri, Veneriis
verax, veracis
verberabilis, verberabilis
verisimilis, verisimilis
vernilis, vernilis
versatilis, versatilis
versicolor, versicoloris
versilis, versilis
vertibilis, vertibilis
vesaniens, vesanientis
Vestalis, Vestalis
vetus, veteris
vetust, vetustis
vicinalis, vicinalis
victor, victoris
victrix, victricis
victualis, victualis
vigens, vigentis
vigil, vigilis
vigilabilis, vigilabilis
vigilans, vigilantis
vigilax, vigilacis
vilis, vilis
violabilis, violabilis
violens, violentis
virens, virentis
virginalis, virginalis
viridis, viridis
virilis, virilis
viripotens, viripotentis
viritualis, viritualis
virtualis, virtualis
visibilis, visibilis
vitabilis, vitabilis
vitalis, vitalis
vitilis, vitilis
vituperabilis, vituperabilis
vivax, vivacis
vocalis, vocalis
volans, volantis
volatilis, volatilis
volens, volentis
volubilis, volubilis
volucer, volucris
voluptabilis, voluptabilis
vulgaris, vulgaris
xviralis, xviralis
