E4|accanto|4|0|10*
E4|accenseo|8|0|10*
E4|acclaro|7|0|10*
E4|acclivitas|6|0|10*
E4|accognosco|4|0|10*
E4|accommodate|6|0|10*
E4|accommodatio|7|0|10*
E4|accommodatus|7|0|10*
E4|accongero|3|0|10*
E4|accorporo|5|0|10*
E4|accredo|8|0|10*
E4|accretio|7|0|10*
E4|accretus|3|0|10*
E4|accumulate|6|0|10*
E4|accumulatio|4|0|10*
E4|accumulator|7|0|10*
E4|accumulo|8|0|10*
E4|accuro|8|0|10*
E4|acquisitio|4|0|10*
E4|affaber|3|0|10*
E4|affabilis|4|0|10*
E4|affabilitas|2|0|10*
E4|affabiliter|2|0|10*
E4|affabre|2|0|10*
E4|affabricatus|2|0|10*
E4|affamen|2|0|10*
E4|affectator|2|0|10*
E4|affectatrix|2|0|10*
E4|affecte|2|0|10*
E4|affectiosus|2|0|10*
E4|affector|2|0|10*
E4|affectuosus|2|0|10*
E4|afficticius|3|0|10*
E4|affiguro|3|0|10*
E4|affirmate|3|0|10*
E4|affirmativus|2|0|10*
E4|affirmator|2|0|10*
E4|affixio|2|0|10*
E4|affixus|3|0|10*
E4|afflagrans|2|0|10*
E4|afflator|2|0|10*
E4|affleo|4|0|10*
E4|afflictatio|4|0|10*
E4|afflictator|2|0|10*
E4|afflictio|2|0|10*
E4|afflictor|3|0|10*
E4|affluens|3|0|10*
E4|affluenter|4|0|10*
E4|affluentia|4|0|10*
E4|affluus|2|0|10*
E4|affodio|3|0|10*
E4|affrango|2|0|10*
E4|affremo|2|0|10*
E4|affricatio|2|0|10*
E4|affrictus|3|0|10*
E4|affringo|2|0|10*
E4|affrio|3|0|10*
E4|affulgeo|5|0|10*
E4|aggar|3|0|10*
E4|aggarrio|3|0|10*
E4|aggaudeo|4|0|10*
E4|aggemo|4|0|10*
E4|aggenero|4|0|10*
E4|aggeniculatio|2|0|10*
E4|aggeniculor|3|0|10*
E4|aggeratio|4|0|10*
E4|aggestio|2|0|10*
E4|agglomero|6|0|10*
E4|agglutino|5|0|10*
E4|aggravatio|2|0|10*
E4|aggravesco|3|0|10*
E4|aggravo|5|0|10*
E4|aggredio|4|0|10*
E4|aggressio|3|0|10*
E4|aggressor|2|0|10*
E4|aggressura|2|0|10*
E4|allaboro|5|0|10*
E4|allacrimans|2|0|10*
E4|allacto|2|0|10*
E4|allambo|3|0|10*
E4|allatro|5|0|10*
E4|allatus|2|0|10*
E4|allaudabilis|4|0|10*
E4|allaudo|4|0|10*
E4|allectatio|4|0|10*
E4|allectio|4|0|10*
E4|allector|3|0|10*
E4|allectura|3|0|10*
E4|allegatio|3|0|10*
E4|allegatus|2|0|10*
E4|allenimentum|4|0|10*
E4|allevamentum|3|0|10*
E4|allevatio|3|0|10*
E4|allevator|3|0|10*
E4|allevio|4|0|10*
E4|allicefacio|5|0|10*
E4|allicio|5|0|10*
E4|allido|5|0|10*
E4|alligamentum|2|0|10*
E4|alligatio|2|0|10*
E4|alligator|2|0|10*
E4|alligatura|2|0|10*
E4|allisio|2|0|10*
E4|allivescit|3|0|10*
E4|allubentia|2|0|10*
E4|allubesco|4|0|10*
E4|alluceo|5|0|10*
E4|alluctor|2|0|10*
E4|alludio|3|0|10*
E4|allusio|4|0|10*
E4|alluvio|2|0|10*
E4|alluvius|2|0|10*
E4|appango|3|0|10*
E4|apparamentum|3|0|10*
E4|apparate|6|0|10*
E4|apparatio|6|0|10*
E4|apparator|4|0|10*
E4|apparatrix|4|0|10*
E4|apparenter|3|0|10*
E4|apparentia|4|0|10*
E4|apparesco|4|0|10*
E4|appario|4|0|10*
E4|apparitio|7|0|10*
E4|apparitor|7|0|10*
E4|apparitura|4|0|10*
E4|appectoro|4|0|10*
E4|appendeo|5|0|10*
E4|appendo|8|0|10*
E4|appensor|4|0|10*
E4|appensus|5|0|10*
E4|appertineo|4|0|10*
E4|appetenter|6|0|10*
E4|appetentia|7|0|10*
E4|appetibilis|5|0|10*
E4|appetisso|4|0|10*
E4|appetitio|7|0|10*
E4|appetitor|4|0|10*
E4|appetitorius|2|0|10*
E4|applausor|3|0|10*
E4|applicatus|7|0|10*
E4|applicitus|4|0|10*
E4|applodo|5|0|10*
E4|apploro|7|0|10*
E4|applosus|3|0|10*
E4|applumbatus|3|0|10*
E4|apporrectus|5|0|10*
E4|apportatio|4|0|10*
E4|apportatus|3|0|10*
E4|apporto|8|0|10*
E4|apposco|4|0|10*
E4|apposite|6|0|10*
E4|appositio|5|0|10*
E4|appositum|4|0|10*
E4|appostulo|5|0|10*
E4|appotus|5|0|10*
E4|apprehensibilis|4|0|10*
E4|apprehensio|5|0|10*
E4|apprenso|5|0|10*
E4|appressus|3|0|10*
E4|appretio|5|0|10*
E4|apprime|6|0|10*
E4|apprimus|4|0|10*
E4|approbatio|7|0|10*
E4|approbator|6|0|10*
E4|approbatus|4|0|10*
E4|approbe|5|0|10*
E4|approbus|4|0|10*
E4|appromissor|4|0|10*
E4|appromitto|7|0|10*
E4|approperatus|3|0|10*
E4|appropero|8|0|10*
E4|appropinquatio|7|0|10*
E4|appropriatio|4|0|10*
E4|approprio|5|0|10*
E4|approximo|5|0|10*
E4|appunctus|2|0|10*
E4|appungo|3|0|10*
E4|apsoros|3|0|10*
E4|arrado|2|0|10*
E4|arrectarius|3|0|10*
E4|arrectus|4|0|10*
E4|arremigo|3|0|10*
E4|arrepticius|4|0|10*
E4|arreptivus|2|0|10*
E4|arreptus|3|0|10*
E4|arria|3|0|10*
E4|arrisio|4|0|10*
E4|arrisor|4|0|10*
E4|arrodo|5|0|10*
E4|arrogatio|4|0|10*
E4|arrogator|4|0|10*
E4|arrogatus|2|0|10*
E4|arroro|5|0|10*
E4|arrosor|4|0|10*
E4|arrosus|3|0|10*
E4|arrotans|5|0|10*
E4|arruo|3|0|10*
E4|ascendens|3|0|10*
E4|ascensio|7|0|10*
E4|ascensor|4|0|10*
E4|ascripticius|5|0|10*
E4|ascriptio|5|0|10*
E4|ascriptivus|2|0|10*
E4|ascriptor|5|0|10*
E4|ascriptus|2|0|10*
E4|aspectabilis|7|0|10*
E4|aspectamen|3|0|10*
E4|aspectio|4|0|10*
E4|aspiramen|4|0|10*
E4|aspiramentum|3|0|10*
E4|aspiratio|7|0|10*
E4|aspirativus|3|0|10*
E4|aspiratus|3|0|10*
E4|aspuo|5|0|10*
E4|assaluto|2|0|10*
E4|assecla|4|0|10*
E4|assectatus|2|0|10*
E4|assecue|3|0|10*
E4|assecutio|3|0|10*
E4|assecutor|4|0|10*
E4|assecutus|2|0|10*
E4|assedo|4|0|10*
E4|assellatio|2|0|10*
E4|assellor|4|0|10*
E4|assenesco|4|0|10*
E4|assensor|5|0|10*
E4|assentaneus|3|0|10*
E4|assentatio|5|0|10*
E4|assentatiuncula|4|0|10*
E4|assentator|4|0|10*
E4|assentatorie|4|0|10*
E4|assentatrix|4|0|10*
E4|assentiae|2|0|10*
E4|assequela|3|0|10*
E4|assertio|3|0|10*
E4|assertor|4|0|10*
E4|assertorius|4|0|10*
E4|assertrix|3|0|10*
E4|assertum|4|0|10*
E4|asservatus|2|0|10*
E4|asservio|5|0|10*
E4|assessio|4|0|10*
E4|assessor|5|0|10*
E4|assessorius|4|0|10*
E4|assessura|4|0|10*
E4|assestrix|4|0|10*
E4|asseverans|2|0|10*
E4|asseveranter|4|0|10*
E4|asseverate|3|0|10*
E4|asseverativus|2|0|10*
E4|assibilo|5|0|10*
E4|assiccesco|5|0|10*
E4|assicco|4|0|10*
E4|assidelae|3|0|10*
E4|assido|6|0|10*
E4|assignatio|5|0|10*
E4|assignator|4|0|10*
E4|assignatus|2|0|10*
E4|assignificatio|3|0|10*
E4|assignifico|5|0|10*
E4|assimilatio|2|0|10*
E4|assimilatus|2|0|10*
E4|assimilis|6|0|10*
E4|assimiliter|3|0|10*
E4|assimilo|3|0|10*
E4|assimulanter|3|0|10*
E4|assimulaticius|4|0|10*
E4|assimulatio|3|0|10*
E4|assimulativus|2|0|10*
E4|assimulator|3|0|10*
E4|assimulatus|3|0|10*
E4|assistrix|3|0|10*
E4|assitus|4|0|10*
E4|associatus|2|0|10*
E4|associetas|3|0|10*
E4|associo|5|0|10*
E4|associus|3|0|10*
E4|assolido|2|0|10*
E4|assolo|5|0|10*
E4|assonatio|2|0|10*
E4|assuctus|2|0|10*
E4|assudasco|2|0|10*
E4|assudesco|3|0|10*
E4|assuetus|5|0|10*
E4|assugo|4|0|10*
E4|assultim|2|0|10*
E4|assumentum|3|0|10*
E4|assumptio|5|0|10*
E4|assumptivus|4|0|10*
E4|assumptor|3|0|10*
E4|assumptrix|2|0|10*
E4|assuo|6|0|10*
E4|assurrexi|3|0|10*
E4|assuspirans|2|0|10*
E4|assuspiro|4|0|10*
E4|asterno|7|0|10*
E4|astipulatio|3|0|10*
E4|astipulator|4|0|10*
E4|astipulatus|3|0|10*
E4|astipulor|3|0|10*
E4|astituo|6|0|10*
E4|astrangulo|4|0|10*
E4|astricte|5|0|10*
E4|astrictio|4|0|10*
E4|astrictorius|3|0|10*
E4|astrictus|5|0|10*
E4|astridens|2|0|10*
E4|astrido|2|0|10*
E4|astructio|3|0|10*
E4|astructor|2|0|10*
E4|attamino|5|0|10*
E4|attegro|3|0|10*
E4|attemperate|5|0|10*
E4|attempero|5|0|10*
E4|attempto|4|0|10*
E4|attentatio|4|0|10*
E4|attentatus|2|0|10*
E4|attentio|6|0|10*
E4|attento|7|0|10*
E4|attenuate|5|0|10*
E4|attenuatio|5|0|10*
E4|attenuatus|5|0|10*
E4|attenuo|7|0|10*
E4|attermino|5|0|10*
E4|atterraneus|3|0|10*
E4|attertiarius|3|0|10*
E4|attertiatus|4|0|10*
E4|attestatio|4|0|10*
E4|attestator|2|0|10*
E4|attestor|5|0|10*
E4|attigo|4|0|10*
E4|attillo|5|0|10*
E4|attinae|4|0|10*
E4|attinguo|2|0|10*
E4|attitulatio|2|0|10*
E4|attitulo|5|0|10*
E4|attolero|5|0|10*
E4|attollentia|2|0|10*
E4|attondeo|7|0|10*
E4|attonite|3|0|10*
E4|attono|7|0|10*
E4|attonsio|2|0|10*
E4|attonsus|3|0|10*
E4|attorqueo|6|0|10*
E4|attorreo|4|0|10*
E4|attractio|4|0|10*
E4|attractivus|3|0|10*
E4|attrectatio|4|0|10*
E4|attremo|4|0|10*
E4|attrepido|5|0|10*
E4|attributio|6|0|10*
E4|attributor|2|0|10*
E4|attributum|5|0|10*
E4|attributus|3|0|10*
E4|attritio|4|0|10*
E4|attropo|2|0|10*
E4|attubernalis|4|0|10*
E4|attueor|2|0|10*
E4|attulo|4|0|10*
E4|attumulo|3|0|10*
E4|atturatio|2|0|10*
E4|collabasco|4|0|10*
E4|collabefacto|5|0|10*
E4|collabefio|7|0|10*
E4|collabello|5|0|10*
E4|collaboro|5|0|10*
E4|collaceratus|5|0|10*
E4|collacrimatio|5|0|10*
E4|collactanea|2|0|10*
E4|collactaneus|4|0|10*
E4|collactea|2|0|10*
E4|collacteus|3|0|10*
E4|collaetor|4|0|10*
E4|collaevo|2|0|10*
E4|collapsio|4|0|10*
E4|collapsus|4|0|10*
E4|collatero|5|0|10*
E4|collaticius|4|0|10*
E4|collatitius|2|0|10*
E4|collativum|3|0|10*
E4|collativus|4|0|10*
E4|collatro|6|0|10*
E4|collaudabilis|5|0|10*
E4|collaudatio|6|0|10*
E4|collaudator|4|0|10*
E4|collaxo|5|0|10*
E4|collecta|5|0|10*
E4|collectaculum|4|0|10*
E4|collectaneus|5|0|10*
E4|collectarius|4|0|10*
E4|collecte|4|0|10*
E4|collecticius|5|0|10*
E4|collectim|4|0|10*
E4|collectitius|2|0|10*
E4|collectivus|4|0|10*
E4|collector|4|0|10*
E4|collegatarius|4|0|10*
E4|collegialis|5|0|10*
E4|collegiarius|3|0|10*
E4|collegiatus|4|0|10*
E4|colleprosus|4|0|10*
E4|colliberta|4|0|10*
E4|collibertus|5|0|10*
E4|collibet|4|0|10*
E4|collibratio|2|0|10*
E4|collibro|5|0|10*
E4|colliciae|4|0|10*
E4|colliciares|2|0|10*
E4|colliciaris|3|0|10*
E4|collicio|2|0|10*
E4|colligate|3|0|10*
E4|colligatio|5|0|10*
E4|collimitaneus|4|0|10*
E4|collimitium|4|0|10*
E4|collimito|4|0|10*
E4|collimitor|3|0|10*
E4|collineo|6|0|10*
E4|collino|6|0|10*
E4|colliquefactus|4|0|10*
E4|colliquesco|5|0|10*
E4|colliquiae|3|0|10*
E4|collisio|4|0|10*
E4|collitus|3|0|10*
E4|collocatus|3|0|10*
E4|collocupleto|5|0|10*
E4|collocutio|6|0|10*
E4|collocutor|4|0|10*
E4|collubet|2|0|10*
E4|colluco|5|0|10*
E4|colluctatio|5|0|10*
E4|colluctator|4|0|10*
E4|colluctor|5|0|10*
E4|colludium|4|0|10*
E4|colludo|7|0|10*
E4|collugeo|5|0|10*
E4|collumino|5|0|10*
E4|colluo|7|0|10*
E4|collurchinatio|3|0|10*
E4|collurcinatio|3|0|10*
E4|collusio|6|0|10*
E4|collusor|6|0|10*
E4|collusorie|4|0|10*
E4|collutio|4|0|10*
E4|collutus|4|0|10*
E4|colluvio|6|0|10*
E4|colluvium|4|0|10*
E4|commalaxo|5|0|10*
E4|commanduco|5|0|10*
E4|commemorabilis|7|0|10*
E4|commemoramentum|4|0|10*
E4|commercor|6|0|10*
E4|commereor|4|0|10*
E4|commetior|6|0|10*
E4|commigro|7|0|10*
E4|commitigo|6|0|10*
E4|commolenda|3|0|10*
E4|commolior|5|0|10*
E4|commonefacio|8|0|10*
E4|commonstro|8|0|10*
E4|commorior|6|0|10*
E4|compaciscor|4|0|10*
E4|compactum|6|0|10*
E4|comparco|6|0|10*
E4|compensatio|6|0|10*
E4|comperior|5|0|10*
E4|complexio|7|0|10*
E4|compluriens|4|0|10*
E4|complusculi|5|0|10*
E4|comportatio|4|0|10*
E4|composite|6|0|10*
E4|compositio|7|0|10*
E4|compositor|7|0|10*
E4|compositum|2|0|10*
E4|compotio|5|0|10*
E4|compotrix|5|0|10*
E4|comprecor|7|0|10*
E4|comprehensibilis|7|0|10*
E4|comprehensio|7|0|10*
E4|compressor|4|0|10*
E4|compromitto|7|0|10*
E4|compungo|8|0|10*
E4|computresco|6|0|10*
E4|corrado|6|0|10*
E4|corrasus|3|0|10*
E4|corrationalitas|4|0|10*
E4|correctio|7|0|10*
E4|corrector|7|0|10*
E4|correctura|4|0|10*
E4|correctus|6|0|10*
E4|correcumbens|4|0|10*
E4|corregno|5|0|10*
E4|correpo|8|0|10*
E4|correpte|5|0|10*
E4|correptio|5|0|10*
E4|correptor|5|0|10*
E4|correptus|5|0|10*
E4|corresupinatus|4|0|10*
E4|corresuscito|5|0|10*
E4|correus|4|0|10*
E4|corrideo|5|0|10*
E4|corrigia|5|0|10*
E4|corrivalis|4|0|10*
E4|corrivatio|4|0|10*
E4|corrivium|4|0|10*
E4|corroboramentum|4|0|10*
E4|corrodo|7|0|10*
E4|corrogatio|4|0|10*
E4|corrosus|4|0|10*
E4|corrotundo|6|0|10*
E4|corruda|4|0|10*
E4|corrudis|2|0|10*
E4|corrugis|5|0|10*
E4|corrugus|4|0|10*
E4|corrupte|6|0|10*
E4|corruptibilis|5|0|10*
E4|corruptibilitas|4|0|10*
E4|corruptivus|4|0|10*
E4|corruptorius|4|0|10*
E4|corruptrix|7|0|10*
E4|corruptus|6|0|10*
E4|corruspor|4|0|10*
E4|exacrifico|2|0|10*
E4|exaevio|2|0|10*
E4|exanguinatus|2|0|10*
E4|exanio|3|0|10*
E4|exaturo|2|0|10*
E4|excalpo|2|0|10*
E4|excensio|2|0|10*
E4|excissatus|3|0|10*
E4|excreabilis|2|0|10*
E4|excreatio|2|0|10*
E4|excreatus|2|0|10*
E4|excreo|3|0|10*
E4|exculpo|4|0|10*
E4|execo|5|0|10*
E4|execrabilitas|2|0|10*
E4|execramentum|2|0|10*
E4|executus|2|0|10*
E4|exensus|2|0|10*
E4|exequens|2|0|10*
E4|exequialis|3|0|10*
E4|exequior|2|0|10*
E4|exercio|3|0|10*
E4|exerte|2|0|10*
E4|exerto|4|0|10*
E4|exiccesco|2|0|10*
E4|exicco|4|0|10*
E4|exico|5|0|10*
E4|exigno|2|0|10*
E4|existentia|2|0|10*
E4|existentialis|3|0|10*
E4|existentialitas|2|0|10*
E4|exoletus|5|0|10*
E4|exolo|2|0|10*
E4|exomnis|2|0|10*
E4|exorbeo|3|0|10*
E4|exordesco|2|0|10*
E4|expersus|2|0|10*
E4|expiratio|2|0|10*
E4|explendesco|3|0|10*
E4|expoliatio|3|0|10*
E4|expretus|3|0|10*
E4|expuitio|2|0|10*
E4|expumo|2|0|10*
E4|extantia|2|0|10*
E4|extasis|3|0|10*
E4|externatus|3|0|10*
E4|externo|7|0|10*
E4|extillo|3|0|10*
E4|extimulo|5|0|10*
E4|extirpatio|2|0|10*
E4|extirpator|2|0|10*
E4|extirpo|3|0|10*
E4|extructus|2|0|10*
E4|exuccus|3|0|10*
E4|exucidus|2|0|10*
E4|exuco|2|0|10*
E4|exuctus|2|0|10*
E4|exudatio|2|0|10*
E4|exudo|5|0|10*
E4|exufflator|2|0|10*
E4|exufflo|2|0|10*
E4|exugeo|2|0|10*
E4|exugo|3|0|10*
E4|exularis|2|0|10*
E4|exulatio|2|0|10*
E4|exulator|2|0|10*
E4|exulatus|2|0|10*
E4|exulor|2|0|10*
E4|exultabundus|2|0|10*
E4|exultans|2|0|10*
E4|exultanter|2|0|10*
E4|exultantia|2|0|10*
E4|exultatio|3|0|10*
E4|exultativus|2|0|10*
E4|exultim|3|0|10*
E4|exuperabilis|4|0|10*
E4|exuperans|2|0|10*
E4|exuperatio|2|0|10*
E4|exuperatorius|2|0|10*
E4|exuperius|2|0|10*
E4|exupero|6|0|10*
E4|exurdo|3|0|10*
E4|exuscitatio|2|0|10*
E4|exuscito|2|0|10*
E4|illabefactus|5|0|10*
E4|illaboratus|5|0|10*
E4|illaboro|6|0|10*
E4|illacerabilis|4|0|10*
E4|illacessitus|5|0|10*
E4|illacrimabilis|7|0|10*
E4|illacrimor|5|0|10*
E4|illacrimosus|3|0|10*
E4|illaedo|2|0|10*
E4|illaesibilis|4|0|10*
E4|illaetabilis|7|0|10*
E4|illamentatus|4|0|10*
E4|illaqueatus|4|0|10*
E4|illaqueo|7|0|10*
E4|illargio|3|0|10*
E4|illatabilis|4|0|10*
E4|illatebro|4|0|10*
E4|illatio|4|0|10*
E4|illativus|4|0|10*
E4|illator|3|0|10*
E4|illatrix|3|0|10*
E4|illatro|4|0|10*
E4|illatus|4|0|10*
E4|illaudabilis|5|0|10*
E4|illaudandus|3|0|10*
E4|illaudatus|5|0|10*
E4|illautus|3|0|10*
E4|illecebro|4|0|10*
E4|illecebrosus|4|0|10*
E4|illectamentum|4|0|10*
E4|illectatio|4|0|10*
E4|illectio|3|0|10*
E4|illecto|5|0|10*
E4|illegitime|3|0|10*
E4|illegitimus|4|0|10*
E4|illepide|5|0|10*
E4|illepidus|6|0|10*
E4|illevi|2|0|10*
E4|illevigatus|3|0|10*
E4|illexe|2|0|10*
E4|illibabilis|4|0|10*
E4|illibate|2|0|10*
E4|illiberalis|7|0|10*
E4|illiberalitas|4|0|10*
E4|illiberaliter|5|0|10*
E4|illicibilis|4|0|10*
E4|illicitatio|3|0|10*
E4|illicitator|5|0|10*
E4|illicite|4|0|10*
E4|illicium|4|0|10*
E4|illigamentum|3|0|10*
E4|illigatio|4|0|10*
E4|illigatus|3|0|10*
E4|illimatus|2|0|10*
E4|illimo|2|0|10*
E4|illinimentum|4|0|10*
E4|illinio|4|0|10*
E4|illiquefactus|5|0|10*
E4|illiquor|4|0|10*
E4|illisi|3|0|10*
E4|illisio|4|0|10*
E4|illitio|2|0|10*
E4|illitteratus|4|0|10*
E4|illocabilis|4|0|10*
E4|illocalis|3|0|10*
E4|illocalitas|3|0|10*
E4|illocaliter|3|0|10*
E4|illotus|5|0|10*
E4|illubrico|3|0|10*
E4|illuceo|5|0|10*
E4|illuctans|3|0|10*
E4|illucubratus|4|0|10*
E4|illuculasco|4|0|10*
E4|illudia|3|0|10*
E4|illudio|4|0|10*
E4|illuminabilis|2|0|10*
E4|illuminate|4|0|10*
E4|illuminatio|4|0|10*
E4|illuminator|4|0|10*
E4|illuminatus|4|0|10*
E4|illuminus|4|0|10*
E4|illusio|4|0|10*
E4|illusor|4|0|10*
E4|illusorius|4|0|10*
E4|illustramentum|4|0|10*
E4|illustratio|4|0|10*
E4|illustrator|4|0|10*
E4|illustrius|4|0|10*
E4|illusus|4|0|10*
E4|illutibarbus|4|0|10*
E4|illutilis|4|0|10*
E4|illutus|4|0|10*
E4|illuvio|2|0|10*
E4|illuviosus|3|0|10*
E4|illuxi|3|0|10*
E4|imbibo|8|0|10*
E4|imbito|4|0|10*
E4|imbonitas|4|0|10*
E4|imbracteo|4|0|10*
E4|immaculabilis|5|0|10*
E4|immaculatus|4|0|10*
E4|immaculo|4|0|10*
E4|immaneo|4|0|10*
E4|immanifestus|4|0|10*
E4|immansuetus|7|0|10*
E4|immarcescibilis|5|0|10*
E4|immedicabilis|8|0|10*
E4|immedicatus|3|0|10*
E4|immeditatus|4|0|10*
E4|immeio|4|0|10*
E4|immemorabilis|6|0|10*
E4|immemoratio|4|0|10*
E4|immemoratus|6|0|10*
E4|immensitas|6|0|10*
E4|immensurabilis|5|0|10*
E4|immensuratus|3|0|10*
E4|immeo|4|0|10*
E4|immerens|8|0|10*
E4|immerenter|3|0|10*
E4|immergo|8|0|10*
E4|immeritum|2|0|10*
E4|immersabilis|7|0|10*
E4|immersio|4|0|10*
E4|immetatus|5|0|10*
E4|imminentia|4|0|10*
E4|imminutio|6|0|10*
E4|immiserabilis|6|0|10*
E4|immisericordia|4|0|10*
E4|immisericors|7|0|10*
E4|immissarium|4|0|10*
E4|immissio|6|0|10*
E4|immitigabilis|4|0|10*
E4|immixtus|6|0|10*
E4|immobilitas|5|0|10*
E4|immoderantia|4|0|10*
E4|immoderatio|6|0|10*
E4|immodestus|6|0|10*
E4|immodulatus|5|0|10*
E4|immolaticius|4|0|10*
E4|immolatio|6|0|10*
E4|immolator|6|0|10*
E4|immolitus|6|0|10*
E4|immordeo|3|0|10*
E4|immorior|7|0|10*
E4|immortalitas|7|0|10*
E4|immortaliter|6|0|10*
E4|immortalitus|3|0|10*
E4|immortuus|4|0|10*
E4|immugio|8|0|10*
E4|immulgeo|6|0|10*
E4|immundabilis|4|0|10*
E4|immunditia|4|0|10*
E4|immunificus|3|0|10*
E4|immunio|7|0|10*
E4|immunitas|7|0|10*
E4|immunitus|7|0|10*
E4|immurmuro|8|0|10*
E4|immusicus|4|0|10*
E4|immutabilitas|6|0|10*
E4|immutatio|6|0|10*
E4|immutator|3|0|10*
E4|immutesco|5|0|10*
E4|immutilatus|4|0|10*
E4|impacatus|7|0|10*
E4|impactio|3|0|10*
E4|impaenitendus|4|0|10*
E4|impaenitens|3|0|10*
E4|impaenitentia|3|0|10*
E4|impages|4|0|10*
E4|impallesco|4|0|10*
E4|impalpebratio|4|0|10*
E4|imparatio|3|0|10*
E4|imparatus|7|0|10*
E4|imparilis|4|0|10*
E4|imparilitas|4|0|10*
E4|impartibilis|2|0|10*
E4|impartio|4|0|10*
E4|impascor|2|0|10*
E4|impassibilis|5|0|10*
E4|impassibilitas|3|0|10*
E4|impassibiliter|4|0|10*
E4|impastus|6|0|10*
E4|impatienter|6|0|10*
E4|impatientia|7|0|10*
E4|impausabilis|3|0|10*
E4|impavide|6|0|10*
E4|impeccabilis|3|0|10*
E4|impeccantia|4|0|10*
E4|impedatio|4|0|10*
E4|impedico|4|0|10*
E4|impeditio|6|0|10*
E4|impedito|4|0|10*
E4|impeditor|4|0|10*
E4|impedo|4|0|10*
E4|impendio|6|0|10*
E4|impendiosus|4|0|10*
E4|impendium|7|0|10*
E4|impenetrabilis|7|0|10*
E4|imperative|4|0|10*
E4|imperativus|4|0|10*
E4|imperatorie|4|0|10*
E4|imperatrix|6|0|10*
E4|imperceptus|5|0|10*
E4|imperco|5|0|10*
E4|impercussus|5|0|10*
E4|imperditus|6|0|10*
E4|imperfectio|4|0|10*
E4|imperfectus|7|0|10*
E4|imperfossus|5|0|10*
E4|imperfundies|4|0|10*
E4|imperiabiliter|3|0|10*
E4|imperialis|5|0|10*
E4|imperiose|4|0|10*
E4|imperite|6|0|10*
E4|imperitia|7|0|10*
E4|imperjuratus|5|0|10*
E4|impermissus|6|0|10*
E4|impermixtus|4|0|10*
E4|imperpetuus|4|0|10*
E4|imperscrutabilis|4|0|10*
E4|impersonalis|4|0|10*
E4|impersonativus|3|0|10*
E4|imperspicabilis|4|0|10*
E4|imperspicuus|4|0|10*
E4|impertilis|3|0|10*
E4|impertinens|3|0|10*
E4|impertitio|4|0|10*
E4|imperturbabilis|5|0|10*
E4|imperturbatio|4|0|10*
E4|imperturbatus|5|0|10*
E4|impervius|7|0|10*
E4|impetibilis|7|0|10*
E4|impetiginosus|4|0|10*
E4|impeto|6|0|10*
E4|impetratio|6|0|10*
E4|impetrativus|3|0|10*
E4|impetrator|4|0|10*
E4|impetuose|3|0|10*
E4|impexus|7|0|10*
E4|impiamentum|4|0|10*
E4|impico|3|0|10*
E4|impie|6|0|10*
E4|impietas|7|0|10*
E4|impigritas|6|0|10*
E4|impigritia|4|0|10*
E4|impilia|4|0|10*
E4|impinguo|5|0|10*
E4|impio|5|0|10*
E4|implacabilitas|5|0|10*
E4|implacatus|7|0|10*
E4|implacidus|5|0|10*
E4|implago|4|0|10*
E4|implano|5|0|10*
E4|implanus|4|0|10*
E4|implebilis|4|0|10*
E4|implecticus|4|0|10*
E4|implecto|5|0|10*
E4|implementum|4|0|10*
E4|impletio|4|0|10*
E4|impletus|5|0|10*
E4|implexio|4|0|10*
E4|implicamentum|4|0|10*
E4|implicatio|6|0|10*
E4|implicatura|4|0|10*
E4|implicatus|6|0|10*
E4|impliciscor|2|0|10*
E4|implicite|6|0|10*
E4|implicito|4|0|10*
E4|implicitus|6|0|10*
E4|implorabilis|4|0|10*
E4|imploratio|6|0|10*
E4|implumbo|4|0|10*
E4|implumis|7|0|10*
E4|implutus|3|0|10*
E4|impluviatus|3|0|10*
E4|impolite|6|0|10*
E4|impolitia|4|0|10*
E4|impolitus|6|0|10*
E4|impollutus|5|0|10*
E4|imporcitor|4|0|10*
E4|imporco|4|0|10*
E4|importabilis|4|0|10*
E4|importaticius|3|0|10*
E4|importune|6|0|10*
E4|importunus|7|0|10*
E4|importuosus|7|0|10*
E4|impos|6|0|10*
E4|impositicius|4|0|10*
E4|impositio|4|0|10*
E4|impositivus|2|0|10*
E4|impositor|4|0|10*
E4|impossibilis|5|0|10*
E4|impossibilitas|4|0|10*
E4|impostor|4|0|10*
E4|impostura|4|0|10*
E4|impostus|3|0|10*
E4|impotabilis|3|0|10*
E4|impotenter|5|0|10*
E4|impraegno|5|0|10*
E4|impraepedite|4|0|10*
E4|impraepeditus|4|0|10*
E4|impraeputiatus|4|0|10*
E4|impraescientia|4|0|10*
E4|impraesentiarum|6|0|10*
E4|impraestabilis|4|0|10*
E4|impransus|6|0|10*
E4|imprecatio|5|0|10*
E4|imprensibilis|5|0|10*
E4|impresse|4|0|10*
E4|impressio|7|0|10*
E4|impretiabilis|4|0|10*
E4|imprimis|7|0|10*
E4|imprincipaliter|4|0|10*
E4|improbabilis|5|0|10*
E4|improbatio|6|0|10*
E4|improbator|4|0|10*
E4|improbe|6|0|10*
E4|improbiter|4|0|10*
E4|improbito|4|0|10*
E4|improbulus|5|0|10*
E4|improcerus|5|0|10*
E4|improcreabilis|4|0|10*
E4|improfessus|4|0|10*
E4|impromiscus|4|0|10*
E4|imprope|4|0|10*
E4|improperanter|4|0|10*
E4|improperatus|6|0|10*
E4|improperium|4|0|10*
E4|improperus|4|0|10*
E4|improprie|4|0|10*
E4|improprietas|4|0|10*
E4|improprius|4|0|10*
E4|impropugnatus|4|0|10*
E4|improspectus|4|0|10*
E4|improtectus|4|0|10*
E4|improvide|6|0|10*
E4|improvidentia|4|0|10*
E4|improvise|4|0|10*
E4|imprudenter|6|0|10*
E4|impubescens|3|0|10*
E4|impudice|4|0|10*
E4|impugnatio|6|0|10*
E4|impugnator|4|0|10*
E4|impugnatus|4|0|10*
E4|impulsio|6|0|10*
E4|impulsor|7|0|10*
E4|impulstrix|3|0|10*
E4|impulvereus|4|0|10*
E4|impunctus|4|0|10*
E4|impunis|6|0|10*
E4|impunitas|6|0|10*
E4|impunite|5|0|10*
E4|impuratus|5|0|10*
E4|impure|6|0|10*
E4|impurgabilis|4|0|10*
E4|impuritas|5|0|10*
E4|impuritia|4|0|10*
E4|imputatio|3|0|10*
E4|imputativus|4|0|10*
E4|imputator|4|0|10*
E4|imputatus|6|0|10*
E4|imputresco|3|0|10*
E4|imputribilis|5|0|10*
E4|irradio|5|0|10*
E4|irrado|4|0|10*
E4|irrasus|4|0|10*
E4|irrationabilis|5|0|10*
E4|irrationabilitas|4|0|10*
E4|irrationalis|6|0|10*
E4|irraucesco|5|0|10*
E4|irrecogitatio|4|0|10*
E4|irrecordabilis|5|0|10*
E4|irrecuperabilis|5|0|10*
E4|irrecusabilis|5|0|10*
E4|irredux|4|0|10*
E4|irreformabilis|5|0|10*
E4|irrefragabilis|3|0|10*
E4|irrefutabilis|4|0|10*
E4|irrefutatus|4|0|10*
E4|irregibilis|3|0|10*
E4|irregressibilis|5|0|10*
E4|irreligatus|4|0|10*
E4|irreligio|4|0|10*
E4|irreligiose|4|0|10*
E4|irremeabilis|7|0|10*
E4|irremediabilis|5|0|10*
E4|irremisse|4|0|10*
E4|irremissibilis|5|0|10*
E4|irremotus|4|0|10*
E4|irremunerabilis|5|0|10*
E4|irremuneratus|4|0|10*
E4|irrepercussus|4|0|10*
E4|irrepertus|5|0|10*
E4|irrepletus|4|0|10*
E4|irreposcibilis|4|0|10*
E4|irreprehensibilis|5|0|10*
E4|irreptio|4|0|10*
E4|irrepto|4|0|10*
E4|irreptor|4|0|10*
E4|irrequiebilis|4|0|10*
E4|irrequies|4|0|10*
E4|irrequietus|5|0|10*
E4|irrequisitus|4|0|10*
E4|irresectus|4|0|10*
E4|irresolubilis|4|0|10*
E4|irresolutus|4|0|10*
E4|irrespirabilis|4|0|10*
E4|irrestinctus|4|0|10*
E4|irretio|7|0|10*
E4|irretortus|4|0|10*
E4|irretractabilis|4|0|10*
E4|irreverens|6|0|10*
E4|irreverentia|6|0|10*
E4|irrevocabilis|7|0|10*
E4|irrevocandus|4|0|10*
E4|irrevocatus|4|0|10*
E4|irridenter|4|0|10*
E4|irridicule|6|0|10*
E4|irridiculum|4|0|10*
E4|irrigatio|5|0|10*
E4|irrigator|4|0|10*
E4|irrimor|2|0|10*
E4|irrisi|3|0|10*
E4|irrisibilis|4|0|10*
E4|irrisio|5|0|10*
E4|irrisorius|4|0|10*
E4|irritabilis|7|0|10*
E4|irritabilitas|4|0|10*
E4|irritamen|6|0|10*
E4|irritatio|6|0|10*
E4|irritator|5|0|10*
E4|irritatrix|4|0|10*
E4|irrite|4|0|10*
E4|irroborasco|4|0|10*
E4|irrogatio|5|0|10*
E4|irrogatus|3|0|10*
E4|irrogo|6|0|10*
E4|irroro|7|0|10*
E4|irroto|4|0|10*
E4|irrubesco|4|0|10*
E4|irructo|4|0|10*
E4|irrufo|4|0|10*
E4|irrugatio|4|0|10*
E4|irrugio|5|0|10*
E4|irrugo|4|0|10*
E4|irrumatio|3|0|10*
E4|irrumator|3|0|10*
E4|irrumo|5|0|10*
E4|irruptio|6|0|10*
E4|irrutilo|4|0|10*
E4|occaecatio|3|0|10*
E4|occaeco|8|0|10*
E4|occallatus|4|0|10*
E4|occallesco|8|0|10*
E4|occanto|4|0|10*
E4|occedo|5|0|10*
E4|occensus|4|0|10*
E4|occlamito|4|0|10*
E4|occlaudo|4|0|10*
E4|occlusus|5|0|10*
E4|occulco|8|0|10*
E4|offarcinatus|3|0|10*
E4|offertor|4|0|10*
E4|offertorium|4|0|10*
E4|offigo|6|0|10*
E4|offirmate|4|0|10*
E4|offirmatus|6|0|10*
E4|offlecto|4|0|10*
E4|offrenatus|4|0|10*
E4|offringo|5|0|10*
E4|offulgeo|8|0|10*
E4|offuscatio|3|0|10*
E4|offusco|4|0|10*
E4|offusus|5|0|10*
E4|oppallesco|3|0|10*
E4|oppango|4|0|10*
E4|oppecto|4|0|10*
E4|oppedo|5|0|10*
E4|oppessulatus|4|0|10*
E4|oppetitus|2|0|10*
E4|oppexus|4|0|10*
E4|oppico|4|0|10*
E4|oppignerator|4|0|10*
E4|oppignero|6|0|10*
E4|oppilatio|4|0|10*
E4|opploro|4|0|10*
E4|opporto|3|0|10*
E4|oppositio|4|0|10*
E4|oppressio|6|0|10*
E4|oppressiuncula|4|0|10*
E4|opprobramentum|4|0|10*
E4|opprobriosus|4|0|10*
E4|opprobrium|7|0|10*
E4|opprobro|6|0|10*
E4|oppugnator|7|0|10*
E4|oppugnatorius|4|0|10*
E4|opputo|3|0|10*
E4|oppuvio|2|0|10*
E4|opscus|2|0|10*
E4|opsecula|2|0|10*
E4|opsonatio|3|0|10*
E4|opsonator|4|0|10*
E4|opsonito|2|0|10*
E4|opstetrix|2|0|10*
E4|succeno|2|0|10*
E4|succentivus|4|0|10*
E4|succerno|3|0|10*
E4|succinerarius|2|0|10*
E4|succingulum|4|0|10*
E4|succino|6|0|10*
E4|succoelestis|3|0|10*
E4|succoeno|3|0|10*
E4|succonditor|3|0|10*
E4|succontumeliose|2|0|10*
E4|succrepo|3|0|10*
E4|succretus|3|0|10*
E4|succrispus|2|0|10*
E4|succrotillus|4|0|10*
E4|succuba|4|0|10*
E4|succumbus|3|0|10*
E4|succurator|2|0|10*
E4|succursor|3|0|10*
E4|succus|4|0|10*
E4|succussatura|4|0|10*
E4|succussio|5|0|10*
E4|succusso|3|0|10*
E4|succussor|3|0|10*
E4|suffarcinatus|2|0|10*
E4|suffarcino|6|0|10*
E4|suffectio|4|0|10*
E4|suffectura|4|0|10*
E4|sufferentia|4|0|10*
E4|suffermentatus|3|0|10*
E4|suffervefacio|4|0|10*
E4|suffervefio|2|0|10*
E4|sufferveo|3|0|10*
E4|suffibulum|4|0|10*
E4|sufflammo|4|0|10*
E4|sufflatio|4|0|10*
E4|sufflo|7|0|10*
E4|suffocabilis|4|0|10*
E4|suffocatio|5|0|10*
E4|suffossio|5|0|10*
E4|suffossus|4|0|10*
E4|suffragatio|7|0|10*
E4|suffragator|6|0|10*
E4|suffrenatio|4|0|10*
E4|suffrendens|4|0|10*
E4|suffrico|5|0|10*
E4|suffrigide|3|0|10*
E4|suffrigidus|4|0|10*
E4|suffringo|6|0|10*
E4|suffugio|7|0|10*
E4|suffugium|7|0|10*
E4|suffulcio|7|0|10*
E4|suffulgeo|4|0|10*
E4|suffumigatio|4|0|10*
E4|suffumigo|5|0|10*
E4|suffumo|4|0|10*
E4|suffundatus|3|0|10*
E4|suffuror|4|0|10*
E4|suffusculus|2|0|10*
E4|suffuscus|4|0|10*
E4|suffusio|5|0|10*
E4|suffusus|6|0|10*
E4|suggestio|4|0|10*
E4|sugglutio|4|0|10*
E4|suggrandis|6|0|10*
E4|suggrunda|4|0|10*
E4|suggrundarium|3|0|10*
E4|suggrundatio|3|0|10*
E4|suggrundium|2|0|10*
E4|suggrunnio|4|0|10*
E4|summanes|4|0|10*
E4|summano|4|0|10*
E4|summanus|4|0|10*
E4|summedius|2|0|10*
E4|summejo|2|0|10*
E4|summejulus|2|0|10*
E4|summemmium|2|0|10*
E4|summersio|2|0|10*
E4|summerso|2|0|10*
E4|summerus|2|0|10*
E4|summigratio|2|0|10*
E4|summinia|2|0|10*
E4|sumministratio|2|0|10*
E4|sumministrator|2|0|10*
E4|summissim|3|0|10*
E4|summissio|3|0|10*
E4|summoenianus|2|0|10*
E4|summoenium|3|0|10*
E4|summoleste|2|0|10*
E4|summolestus|2|0|10*
E4|summoneo|5|0|10*
E4|summonstro|3|0|10*
E4|summotatio|2|0|10*
E4|summotor|2|0|10*
E4|summotus|3|0|10*
E4|summurmuro|3|0|10*
E4|summussus|3|0|10*
E4|summuto|5|0|10*
E4|affabulatio|1|0|10*
E4|affaniae|1|0|10*
E4|affatio|1|0|10*
E4|affaveo|1|0|10*
E4|affectate|1|0|10*
E4|affectaticius|1|0|10*
E4|affectato|1|0|10*
E4|affectatus|1|0|10*
E4|affectionalis|1|0|10*
E4|affectivus|1|0|10*
E4|affectuose|1|0|10*
E4|afferenda|1|0|10*
E4|affestino|1|0|10*
E4|affictio|1|0|10*
E4|affictitius|1|0|10*
E4|affictus|1|0|10*
E4|affiliatio|1|0|10*
E4|affirmanter|1|0|10*
E4|affirmative|1|0|10*
E4|afflamen|1|0|10*
E4|afflatorius|1|0|10*
E4|afflictim|1|0|10*
E4|afflictrix|2|0|10*
E4|affluente|1|0|10*
E4|affluitas|1|0|10*
E4|affluxio|1|0|10*
E4|affore|1|0|10*
E4|afforem|1|0|10*
E4|affurcillo|1|0|10*
E4|affusio|1|0|10*
E4|aggestim|1|0|10*
E4|aggestum|1|0|10*
E4|agglutinatio|1|0|10*
E4|aggregatio|1|0|10*
E4|all|1|0|10*
E4|allabo|2|0|10*
E4|allacrimo|1|0|10*
E4|allectorius|1|0|10*
E4|allegati|1|0|10*
E4|allevaticius|1|0|10*
E4|allevatus|1|0|10*
E4|allexi|1|0|10*
E4|alligamen|1|0|10*
E4|alligati|1|0|10*
E4|allinio|1|0|10*
E4|allisus|1|0|10*
E4|allocutivus|1|0|10*
E4|allocutor|1|0|10*
E4|allocutus|1|0|10*
E4|alluctamentum|1|0|10*
E4|appetulantia|1|0|10*
E4|applex|2|0|10*
E4|applicaturus|1|0|10*
E4|appliciturus|1|0|10*
E4|applumbo|2|0|10*
E4|appuli|1|0|10*
E4|apsinthium|1|0|10*
E4|apsyrtis|1|0|10*
E4|arreptans|1|0|10*
E4|assecula|2|0|10*
E4|asseque|1|0|10*
E4|assiduissime|1|0|10*
E4|assimilanter|1|0|10*
E4|assonus|1|0|10*
E4|assubrigo|1|0|10*
E4|assudasso|1|0|10*
E4|assudo|1|0|10*
E4|assuefactus|1|0|10*
E4|assuevi|1|0|10*
E4|astiti|1|0|10*
E4|astrangulatus|1|0|10*
E4|atterui|1|0|10*
E4|attestatus|1|0|10*
E4|attinctus|1|0|10*
E4|attolo|1|0|10*
E4|attracto|2|0|10*
E4|attrectabilis|1|0|10*
E4|attrectator|1|0|10*
E4|attribulatus|1|0|10*
E4|attrivi|1|0|10*
E4|attuli|1|0|10*
E4|attusus|1|0|10*
E4|coll|1|0|10*
E4|collacrumo|2|0|10*
E4|colligatius|1|0|10*
E4|collinio|2|0|10*
E4|collutito|2|0|10*
E4|corregione|1|0|10*
E4|execrator|1|0|10*
E4|exectio|1|0|10*
E4|exector|1|0|10*
E4|exectus|1|0|10*
E4|executio|1|0|10*
E4|executor|1|0|10*
E4|exiccatus|1|0|10*
E4|exilica|1|0|10*
E4|existentialiter|1|0|10*
E4|exolui|1|0|10*
E4|exono|1|0|10*
E4|expectabilis|1|0|10*
E4|expectator|1|0|10*
E4|expectatrix|1|0|10*
E4|expes|2|0|10*
E4|expoliator|1|0|10*
E4|extimulator|1|0|10*
E4|extinctio|1|0|10*
E4|extinctor|1|0|10*
E4|extinguibilis|1|0|10*
E4|extirpatrix|1|0|10*
E4|extructio|1|0|10*
E4|extructor|1|0|10*
E4|extructorius|1|0|10*
E4|exucus|1|0|10*
E4|exuper|1|0|10*
E4|exuperantius|1|0|10*
E4|exuperator|1|0|10*
E4|illaqueatum|1|0|10*
E4|illibatio|1|0|10*
E4|illicenter|1|0|10*
E4|illubricans|1|0|10*
E4|illustre|1|0|10*
E4|immemoria|1|0|10*
E4|immiseror|1|0|10*
E4|impaenitus|1|0|10*
E4|impetulans|1|0|10*
E4|irredivivus|1|0|10*
E4|occelo|1|0|10*
E4|offixus|1|0|10*
E4|oppallio|1|0|10*
E4|opscaevo|1|0|10*
E4|opsci|1|0|10*
E4|opsessus|1|0|10*
E4|opsius|1|0|10*
E4|opsonor|1|0|10*
E4|opstetricius|1|0|10*
E4|opstetrico|2|0|10*
E4|succaelestis|1|0|10*
E4|succaeruleus|1|0|10*
E4|succandidus|1|0|10*
E4|succavus|1|0|10*
E4|succinericius|1|0|10*
E4|succoeruleus|1|0|10*
E4|succoquo|1|0|10*
E4|succornicularius|1|0|10*
E4|succortex|1|0|10*
E4|succrassulus|1|0|10*
E4|succrudus|1|0|10*
E4|succruentus|1|0|10*
E4|succudo|1|0|10*
E4|succultro|1|0|10*
E4|succuneatus|1|0|10*
E4|succurvus|1|0|10*
E4|succussura|1|0|10*
E4|succustos|1|0|10*
E4|succutaneus|1|0|10*
E4|suffervefactus|1|0|10*
E4|suffrondeo|1|0|10*
E4|summaestus|1|0|10*
E4|summagister|1|0|10*
E4|summanans|1|0|10*
E4|summemmianus|1|0|10*
E4|summoestus|1|0|10*
E4|summontorium|1|0|10*
E4|summultiplex|1|0|10*
E4|exors|5|0|10*
E4|expatior|4|0|10*
E4|expergo|5|0|10*
E4|succinctus|5|0|10*
E4|succisivus|3|0|10*
E4|summuranum|1|0|10*
E8|absinthium|5|0|10*
E8|absoros|2|0|10*
E8|absyrtis|4|0|10*
E8|adcanto|2|0|10*
E8|adclaro|3|0|10*
E8|adcognosco|2|0|10*
E8|adcongero|2|0|10*
E8|adcredo|4|0|10*
E8|adcretio|2|0|10*
E8|adcumulator|2|0|10*
E8|adcuro|3|0|10*
E8|adfaber|3|0|10*
E8|adfabilis|6|0|10*
E8|adfabilitas|4|0|10*
E8|adfabiliter|4|0|10*
E8|adfabre|5|0|10*
E8|adfabricatus|3|0|10*
E8|adfabulatio|2|0|10*
E8|adfamen|3|0|10*
E8|adfatio|2|0|10*
E8|adfaveo|2|0|10*
E8|adfectate|2|0|10*
E8|adfectaticius|2|0|10*
E8|adfectato|3|0|10*
E8|adfectator|4|0|10*
E8|adfectatrix|3|0|10*
E8|adfectatus|4|0|10*
E8|adfecte|3|0|10*
E8|adfectionalis|2|0|10*
E8|adfectiosus|3|0|10*
E8|adfectivus|2|0|10*
E8|adfector|3|0|10*
E8|adfectuose|3|0|10*
E8|adfectuosus|3|0|10*
E8|adfestino|2|0|10*
E8|adficticius|2|0|10*
E8|adfictio|2|0|10*
E8|adfictus|4|0|10*
E8|adfiguro|4|0|10*
E8|adfirmanter|2|0|10*
E8|adfirmate|5|0|10*
E8|adfirmative|2|0|10*
E8|adfirmativus|3|0|10*
E8|adfirmator|3|0|10*
E8|adfixio|3|0|10*
E8|adfixus|5|0|10*
E8|adflagrans|4|0|10*
E8|adflamen|2|0|10*
E8|adflator|3|0|10*
E8|adflatorius|2|0|10*
E8|adfleo|5|0|10*
E8|adflictatio|5|0|10*
E8|adflictator|3|0|10*
E8|adflictim|2|0|10*
E8|adflictio|3|0|10*
E8|adflictor|5|0|10*
E8|adflictrix|3|0|10*
E8|adfluens|6|0|10*
E8|adfluenter|5|0|10*
E8|adfluentia|5|0|10*
E8|adfluitas|2|0|10*
E8|adfluus|2|0|10*
E8|adfluxio|2|0|10*
E8|adfodio|3|0|10*
E8|adfore|5|0|10*
E8|adfrango|4|0|10*
E8|adfremo|4|0|10*
E8|adfricatio|3|0|10*
E8|adfrictus|4|0|10*
E8|adfringo|4|0|10*
E8|adfrio|4|0|10*
E8|adfulgeo|6|0|10*
E8|adfurcillo|2|0|10*
E8|adfusio|2|0|10*
E8|adgarrio|2|0|10*
E8|adgaudeo|3|0|10*
E8|adgemo|4|0|10*
E8|adgenero|4|0|10*
E8|adgeniculatio|2|0|10*
E8|adgeniculor|3|0|10*
E8|adgestim|2|0|10*
E8|adgestio|3|0|10*
E8|adgestum|3|0|10*
E8|adglomero|5|0|10*
E8|adglutinatio|2|0|10*
E8|adglutino|5|0|10*
E8|adgravatio|2|0|10*
E8|adgravesco|4|0|10*
E8|adgravo|5|0|10*
E8|adgredio|3|0|10*
E8|adgregatio|2|0|10*
E8|adgressio|4|0|10*
E8|adgressor|3|0|10*
E8|adgressura|3|0|10*
E8|adlabo|3|0|10*
E8|adlaboro|5|0|10*
E8|adlacrimans|3|0|10*
E8|adlacrimo|2|0|10*
E8|adlacto|2|0|10*
E8|adlambo|3|0|10*
E8|adlatro|6|0|10*
E8|adlatus|3|0|10*
E8|adlaudabilis|4|0|10*
E8|adlaudo|4|0|10*
E8|adlectatio|3|0|10*
E8|adlectio|3|0|10*
E8|adlector|3|0|10*
E8|adlectorius|2|0|10*
E8|adlectura|2|0|10*
E8|adlegatio|5|0|10*
E8|adlegatus|3|0|10*
E8|adlevamentum|5|0|10*
E8|adlevaticius|2|0|10*
E8|adlevatio|5|0|10*
E8|adlevator|3|0|10*
E8|adlevatus|3|0|10*
E8|adlevio|4|0|10*
E8|adlexi|2|0|10*
E8|adlicefacio|5|0|10*
E8|adlicio|6|0|10*
E8|adlido|6|0|10*
E8|adligamen|2|0|10*
E8|adligamentum|2|0|10*
E8|adligatio|3|0|10*
E8|adligator|4|0|10*
E8|adligatura|4|0|10*
E8|adlinio|2|0|10*
E8|adlisio|3|0|10*
E8|adlisus|5|0|10*
E8|adlivescit|3|0|10*
E8|adlocutivus|2|0|10*
E8|adlocutor|2|0|10*
E8|adlocutus|5|0|10*
E8|adlubentia|3|0|10*
E8|adlubesco|3|0|10*
E8|adluceo|5|0|10*
E8|adluctamentum|2|0|10*
E8|adluctor|3|0|10*
E8|adludio|3|0|10*
E8|adlusio|3|0|10*
E8|adluvio|5|0|10*
E8|adluvius|3|0|10*
E8|adparamentum|2|0|10*
E8|adparate|2|0|10*
E8|adparatio|2|0|10*
E8|adparator|2|0|10*
E8|adparatrix|2|0|10*
E8|adparesco|2|0|10*
E8|adpario|2|0|10*
E8|adparitio|2|0|10*
E8|adparitor|2|0|10*
E8|adparitura|2|0|10*
E8|adpendo|4|0|10*
E8|adpensor|2|0|10*
E8|adpertineo|4|0|10*
E8|adpetenter|3|0|10*
E8|adpetentia|3|0|10*
E8|adpetisso|2|0|10*
E8|adpetitio|3|0|10*
E8|adpetitor|2|0|10*
E8|adplausor|2|0|10*
E8|adplicatus|3|0|10*
E8|adplicitus|2|0|10*
E8|adplodo|3|0|10*
E8|adploro|3|0|10*
E8|adporrectus|3|0|10*
E8|adportatio|2|0|10*
E8|adportatus|2|0|10*
E8|adporto|4|0|10*
E8|adposco|3|0|10*
E8|adpotus|3|0|10*
E8|adprehensibilis|2|0|10*
E8|adprehensio|2|0|10*
E8|adprenso|3|0|10*
E8|adpretio|3|0|10*
E8|adprime|3|0|10*
E8|adprimus|3|0|10*
E8|adprobatio|3|0|10*
E8|adprobator|2|0|10*
E8|adprobe|2|0|10*
E8|adprobus|3|0|10*
E8|adpromissor|3|0|10*
E8|adpromitto|4|0|10*
E8|adpropero|4|0|10*
E8|adpropinquatio|3|0|10*
E8|adproximo|4|0|10*
E8|adpunctus|2|0|10*
E8|adpungo|2|0|10*
E8|adquisitio|3|0|10*
E8|adrado|8|0|10*
E8|adrectarius|3|0|10*
E8|adrectus|5|0|10*
E8|adremigo|5|0|10*
E8|adreptans|3|0|10*
E8|adrepticius|3|0|10*
E8|adreptivus|2|0|10*
E8|adria|5|0|10*
E8|adrisio|4|0|10*
E8|adrisor|4|0|10*
E8|adrodo|6|0|10*
E8|adrogatio|3|0|10*
E8|adrogator|3|0|10*
E8|adrogatus|3|0|10*
E8|adroro|4|0|10*
E8|adrosor|4|0|10*
E8|adrosus|4|0|10*
E8|adrotans|4|0|10*
E8|adruo|5|0|10*
E8|adsaluto|2|0|10*
E8|adscendens|3|0|10*
E8|adscensio|3|0|10*
E8|adscripticius|2|0|10*
E8|adscriptio|2|0|10*
E8|adscriptivus|2|0|10*
E8|adscriptor|2|0|10*
E8|adsecla|5|0|10*
E8|adsectatus|3|0|10*
E8|adsecue|2|0|10*
E8|adsecula|3|0|10*
E8|adsecutio|2|0|10*
E8|adsecutor|3|0|10*
E8|adsecutus|3|0|10*
E8|adsedo|2|0|10*
E8|adsellatio|2|0|10*
E8|adsellor|3|0|10*
E8|adsenesco|3|0|10*
E8|adsensor|5|0|10*
E8|adsentaneus|2|0|10*
E8|adsentatio|5|0|10*
E8|adsentatiuncula|5|0|10*
E8|adsentator|5|0|10*
E8|adsentatorie|5|0|10*
E8|adsentatrix|3|0|10*
E8|adsequela|3|0|10*
E8|adsertio|4|0|10*
E8|adsertor|5|0|10*
E8|adsertorius|3|0|10*
E8|adsertrix|2|0|10*
E8|adsertum|3|0|10*
E8|adservatus|3|0|10*
E8|adservio|6|0|10*
E8|adsessio|5|0|10*
E8|adsessor|5|0|10*
E8|adsessorius|3|0|10*
E8|adsessura|3|0|10*
E8|adsestrix|3|0|10*
E8|adseverans|3|0|10*
E8|adseveranter|3|0|10*
E8|adseverate|4|0|10*
E8|adseverativus|2|0|10*
E8|adsibilo|5|0|10*
E8|adsiccesco|4|0|10*
E8|adsicco|5|0|10*
E8|adsidelae|3|0|10*
E8|adsido|6|0|10*
E8|adsignatio|5|0|10*
E8|adsignator|3|0|10*
E8|adsignatus|2|0|10*
E8|adsignificatio|2|0|10*
E8|adsignifico|3|0|10*
E8|adsimilatio|4|0|10*
E8|adsimilatus|3|0|10*
E8|adsimilis|6|0|10*
E8|adsimiliter|3|0|10*
E8|adsimilo|5|0|10*
E8|adsimulanter|2|0|10*
E8|adsimulaticius|3|0|10*
E8|adsimulatio|5|0|10*
E8|adsimulativus|2|0|10*
E8|adsimulator|2|0|10*
E8|adsimulatus|5|0|10*
E8|adsitus|5|0|10*
E8|adsociatus|2|0|10*
E8|adsocio|5|0|10*
E8|adsocius|2|0|10*
E8|adsolo|4|0|10*
E8|adspectabilis|3|0|10*
E8|adspectamen|2|0|10*
E8|adspectio|2|0|10*
E8|adspiramen|3|0|10*
E8|adspiratio|3|0|10*
E8|adspiratus|2|0|10*
E8|adspuo|4|0|10*
E8|adsterno|4|0|10*
E8|adstipulatio|3|0|10*
E8|adstipulator|4|0|10*
E8|adstipulatus|3|0|10*
E8|adstipulor|4|0|10*
E8|adstiti|2|0|10*
E8|adstituo|4|0|10*
E8|adstrangulo|4|0|10*
E8|adstricte|4|0|10*
E8|adstrictio|3|0|10*
E8|adstrictorius|3|0|10*
E8|adstrictus|4|0|10*
E8|adstridens|2|0|10*
E8|adstructio|3|0|10*
E8|adstructor|3|0|10*
E8|adsubrigo|2|0|10*
E8|adsuctus|2|0|10*
E8|adsudasco|2|0|10*
E8|adsudesco|3|0|10*
E8|adsudo|2|0|10*
E8|adsuefactus|2|0|10*
E8|adsuetus|5|0|10*
E8|adsuevi|2|0|10*
E8|adsugo|4|0|10*
E8|adsultim|3|0|10*
E8|adsumentum|3|0|10*
E8|adsumptio|5|0|10*
E8|adsumptivus|4|0|10*
E8|adsuo|6|0|10*
E8|adsuspirans|2|0|10*
E8|adsuspiro|3|0|10*
E8|adtegro|2|0|10*
E8|adtemperate|2|0|10*
E8|adtempero|3|0|10*
E8|adtentatio|2|0|10*
E8|adtentatus|2|0|10*
E8|adtentio|2|0|10*
E8|adtento|4|0|10*
E8|adtenuate|3|0|10*
E8|adtenuatio|3|0|10*
E8|adtenuatus|2|0|10*
E8|adtenuo|4|0|10*
E8|adterraneus|2|0|10*
E8|adtertiarius|3|0|10*
E8|adtertiatus|3|0|10*
E8|adtestor|2|0|10*
E8|adtigo|3|0|10*
E8|adtillo|4|0|10*
E8|adtinae|3|0|10*
E8|adtitulo|4|0|10*
E8|adtolero|4|0|10*
E8|adtondeo|4|0|10*
E8|adtonite|2|0|10*
E8|adtono|4|0|10*
E8|adtonsus|2|0|10*
E8|adtorqueo|3|0|10*
E8|adtorreo|2|0|10*
E8|adtractio|2|0|10*
E8|adtractivus|2|0|10*
E8|adtrectatio|3|0|10*
E8|adtremo|2|0|10*
E8|adtributio|2|0|10*
E8|adtributus|3|0|10*
E8|adtrivi|2|0|10*
E8|adtuli|2|0|10*
E8|adtulo|3|0|10*
E8|adtumulo|3|0|10*
E8|conlabasco|3|0|10*
E8|conlabefacto|3|0|10*
E8|conlabefio|4|0|10*
E8|conlabello|3|0|10*
E8|conlaceratus|2|0|10*
E8|conlacrimatio|4|0|10*
E8|conlactaneus|2|0|10*
E8|conlactea|2|0|10*
E8|conlacteus|2|0|10*
E8|conlaetor|2|0|10*
E8|conlapsio|2|0|10*
E8|conlapsus|3|0|10*
E8|conlatero|3|0|10*
E8|conlaticius|2|0|10*
E8|conlatitius|2|0|10*
E8|conlativus|2|0|10*
E8|conlatro|3|0|10*
E8|conlaudabilis|3|0|10*
E8|conlaudatio|4|0|10*
E8|conlaudator|2|0|10*
E8|conlaxo|4|0|10*
E8|conlecta|4|0|10*
E8|conlectaculum|2|0|10*
E8|conlectaneus|2|0|10*
E8|conlectarius|2|0|10*
E8|conlecte|2|0|10*
E8|conlecticius|4|0|10*
E8|conlectim|2|0|10*
E8|conlectivus|2|0|10*
E8|conlector|2|0|10*
E8|conlegatarius|2|0|10*
E8|conlegialis|3|0|10*
E8|conlegiarius|2|0|10*
E8|conlegiatus|2|0|10*
E8|conleprosus|2|0|10*
E8|conliberta|2|0|10*
E8|conlibertus|4|0|10*
E8|conlibet|3|0|10*
E8|conlibro|4|0|10*
E8|conliciae|2|0|10*
E8|conlicio|2|0|10*
E8|conligatio|4|0|10*
E8|conlimitaneus|2|0|10*
E8|conlimitium|2|0|10*
E8|conlineo|5|0|10*
E8|conlino|4|0|10*
E8|conliquefactus|4|0|10*
E8|conliquesco|3|0|10*
E8|conlitus|2|0|10*
E8|conlocupleto|5|0|10*
E8|conlocutio|4|0|10*
E8|conlocutor|2|0|10*
E8|conluco|4|0|10*
E8|conluctator|2|0|10*
E8|conludium|2|0|10*
E8|conludo|5|0|10*
E8|conlugeo|3|0|10*
E8|conlumino|3|0|10*
E8|conluo|5|0|10*
E8|conlurchinatio|2|0|10*
E8|conlusio|4|0|10*
E8|conlusor|4|0|10*
E8|conlusorie|2|0|10*
E8|conlutio|2|0|10*
E8|conlutus|2|0|10*
E8|conluvio|4|0|10*
E8|conmemoramentum|2|0|10*
E8|conmitigo|3|0|10*
E8|conmolenda|3|0|10*
E8|conmolior|2|0|10*
E8|conmonefacio|3|0|10*
E8|conmonstro|3|0|10*
E8|conmorior|2|0|10*
E8|conpaciscor|2|0|10*
E8|conperior|2|0|10*
E8|conplexio|2|0|10*
E8|conportatio|2|0|10*
E8|conprecor|2|0|10*
E8|conpressor|2|0|10*
E8|conrado|3|0|10*
E8|conrasus|2|0|10*
E8|conrationalitas|2|0|10*
E8|conrectio|2|0|10*
E8|conrideo|3|0|10*
E8|conrudis|2|0|10*
E8|exsacrifico|5|0|10*
E8|exsaevio|5|0|10*
E8|exsanguinatus|4|0|10*
E8|exsanio|5|0|10*
E8|exsaturo|8|0|10*
E8|exscalpo|4|0|10*
E8|exscissatus|3|0|10*
E8|exscreabilis|4|0|10*
E8|exscreatio|5|0|10*
E8|exscreatus|4|0|10*
E8|exscreo|6|0|10*
E8|exsculpo|7|0|10*
E8|exseco|8|0|10*
E8|exsecrabilitas|4|0|10*
E8|exsecramentum|4|0|10*
E8|exsecrator|4|0|10*
E8|exsectio|6|0|10*
E8|exsector|4|0|10*
E8|exsectus|5|0|10*
E8|exsecutio|6|0|10*
E8|exsecutor|5|0|10*
E8|exsecutus|5|0|10*
E8|exsensus|4|0|10*
E8|exsequens|5|0|10*
E8|exsequialis|7|0|10*
E8|exsequior|4|0|10*
E8|exsercio|3|0|10*
E8|exserte|4|0|10*
E8|exserto|6|0|10*
E8|exsiccatus|6|0|10*
E8|exsiccesco|4|0|10*
E8|exsicco|7|0|10*
E8|exsico|4|0|10*
E8|exsigno|6|0|10*
E8|exsilica|2|0|10*
E8|exsistentia|3|0|10*
E8|exsistentialis|2|0|10*
E8|exsistentialitas|2|0|10*
E8|exsistentialiter|2|0|10*
E8|exsoletus|2|0|10*
E8|exsolo|3|0|10*
E8|exsomnis|7|0|10*
E8|exsono|4|0|10*
E8|exsorbeo|6|0|10*
E8|exsordesco|4|0|10*
E8|exsors|8|0|10*
E8|exspatior|7|0|10*
E8|exspectabilis|4|0|10*
E8|exspectator|4|0|10*
E8|exspectatrix|4|0|10*
E8|exspergo|5|0|10*
E8|exspersus|3|0|10*
E8|exspes|7|0|10*
E8|exspiratio|6|0|10*
E8|exsplendesco|7|0|10*
E8|exspoliatio|4|0|10*
E8|exspoliator|4|0|10*
E8|exspretus|3|0|10*
E8|exspuitio|4|0|10*
E8|exspumo|4|0|10*
E8|exstantia|4|0|10*
E8|exstasis|4|0|10*
E8|exsterno|8|0|10*
E8|exstillo|6|0|10*
E8|exstimulator|6|0|10*
E8|exstimulo|8|0|10*
E8|exstinctio|6|0|10*
E8|exstinctor|6|0|10*
E8|exstinguibilis|4|0|10*
E8|exstirpatio|4|0|10*
E8|exstirpator|4|0|10*
E8|exstirpatrix|3|0|10*
E8|exstirpo|7|0|10*
E8|exstructio|6|0|10*
E8|exstructor|4|0|10*
E8|exstructorius|4|0|10*
E8|exstructus|5|0|10*
E8|exsuccus|3|0|10*
E8|exsucidus|4|0|10*
E8|exsuco|3|0|10*
E8|exsuctus|4|0|10*
E8|exsucus|4|0|10*
E8|exsudatio|3|0|10*
E8|exsudo|8|0|10*
E8|exsufflator|3|0|10*
E8|exsufflo|5|0|10*
E8|exsugeo|3|0|10*
E8|exsugo|5|0|10*
E8|exsularis|4|0|10*
E8|exsulatio|4|0|10*
E8|exsulator|3|0|10*
E8|exsulatus|4|0|10*
E8|exsulor|3|0|10*
E8|exsultabundus|4|0|10*
E8|exsultans|6|0|10*
E8|exsultanter|5|0|10*
E8|exsultantia|4|0|10*
E8|exsultatio|7|0|10*
E8|exsultativus|3|0|10*
E8|exsultim|6|0|10*
E8|exsuper|3|0|10*
E8|exsuperabilis|8|0|10*
E8|exsuperans|5|0|10*
E8|exsuperatio|4|0|10*
E8|exsuperator|2|0|10*
E8|exsuperatorius|4|0|10*
E8|exsuperius|2|0|10*
E8|exsupero|8|0|10*
E8|exsurdo|7|0|10*
E8|exsuscitatio|4|0|10*
E8|exsuscito|8|0|10*
E8|inlabefactus|4|0|10*
E8|inlaboratus|3|0|10*
E8|inlaboro|5|0|10*
E8|inlacerabilis|2|0|10*
E8|inlacessitus|3|0|10*
E8|inlacrimabilis|3|0|10*
E8|inlacrimor|4|0|10*
E8|inlaetabilis|4|0|10*
E8|inlamentatus|3|0|10*
E8|inlaqueatus|2|0|10*
E8|inlaqueo|4|0|10*
E8|inlargio|2|0|10*
E8|inlatabilis|2|0|10*
E8|inlatebro|2|0|10*
E8|inlatio|3|0|10*
E8|inlativus|2|0|10*
E8|inlatro|3|0|10*
E8|inlatus|4|0|10*
E8|inlaudabilis|3|0|10*
E8|inlaudandus|2|0|10*
E8|inlaudatus|4|0|10*
E8|inlautus|3|0|10*
E8|inlecebro|3|0|10*
E8|inlecebrosus|3|0|10*
E8|inlectamentum|3|0|10*
E8|inlectatio|2|0|10*
E8|inlectio|2|0|10*
E8|inlecto|3|0|10*
E8|inlegitimus|3|0|10*
E8|inlepide|4|0|10*
E8|inlepidus|4|0|10*
E8|inlibabilis|2|0|10*
E8|inliberalis|5|0|10*
E8|inliberalitas|4|0|10*
E8|inliberaliter|4|0|10*
E8|inlicitatio|2|0|10*
E8|inlicitator|4|0|10*
E8|inlicium|3|0|10*
E8|inligamentum|2|0|10*
E8|inligatio|2|0|10*
E8|inlinimentum|3|0|10*
E8|inlinio|2|0|10*
E8|inliquefactus|3|0|10*
E8|inliquor|2|0|10*
E8|inlisio|2|0|10*
E8|inlitteratus|4|0|10*
E8|inlocabilis|3|0|10*
E8|inlotus|4|0|10*
E8|inlubrico|2|0|10*
E8|inluceo|3|0|10*
E8|inluctans|2|0|10*
E8|inluminate|4|0|10*
E8|inluminus|3|0|10*
E8|inlusio|4|0|10*
E8|inlusor|2|0|10*
E8|inlustramentum|2|0|10*
E8|inlustratio|2|0|10*
E8|inlustrator|2|0|10*
E8|inlustre|2|0|10*
E8|inlusus|3|0|10*
E8|inlutilis|3|0|10*
E8|inpilia|2|0|10*
E8|inplacidus|3|0|10*
E8|inplumis|3|0|10*
E8|inpraesentiarum|3|0|10*
E8|inprimis|4|0|10*
E8|inraucesco|3|0|10*
E8|inreligatus|2|0|10*
E8|inreligiose|2|0|10*
E8|inremeabilis|3|0|10*
E8|inrepertus|2|0|10*
E8|inrequietus|2|0|10*
E8|inresectus|2|0|10*
E8|inresolutus|2|0|10*
E8|inretio|4|0|10*
E8|inretortus|2|0|10*
E8|inreverentia|2|0|10*
E8|inrevocabilis|3|0|10*
E8|inrevocatus|2|0|10*
E8|inridicule|2|0|10*
E8|inridiculum|2|0|10*
E8|inrigatio|3|0|10*
E8|inrimor|2|0|10*
E8|inrisio|4|0|10*
E8|inritabilis|4|0|10*
E8|inritabilitas|2|0|10*
E8|inritamen|3|0|10*
E8|inritatio|4|0|10*
E8|inritator|2|0|10*
E8|inrogatio|4|0|10*
E8|inrogo|5|0|10*
E8|inroro|4|0|10*
E8|inructo|3|0|10*
E8|inrumatio|3|0|10*
E8|inrumator|2|0|10*
E8|inrumo|5|0|10*
E8|inruptio|3|0|10*
E8|inrutilo|2|0|10*
E8|obcaeco|4|0|10*
E8|obcallatus|3|0|10*
E8|obcallesco|4|0|10*
E8|obculco|3|0|10*
E8|obfigo|3|0|10*
E8|obfirmate|3|0|10*
E8|obfirmatus|2|0|10*
E8|obflecto|2|0|10*
E8|obfrenatus|3|0|10*
E8|obfringo|3|0|10*
E8|obfusus|3|0|10*
E8|obporto|3|0|10*
E8|obprobro|3|0|10*
E8|obpugnator|3|0|10*
E8|obscaevo|4|0|10*
E8|obscus|2|0|10*
E8|obsecula|2|0|10*
E8|obsessus|5|0|10*
E8|obsius|3|0|10*
E8|obsonatio|4|0|10*
E8|obsonator|5|0|10*
E8|obsonito|4|0|10*
E8|obstetricius|4|0|10*
E8|obstetrico|5|0|10*
E8|obstetrix|7|0|10*
E8|subcaelestis|4|0|10*
E8|subcaeruleus|4|0|10*
E8|subcandidus|4|0|10*
E8|subcavus|4|0|10*
E8|subceno|4|0|10*
E8|subcentivus|2|0|10*
E8|subcerno|5|0|10*
E8|subcinericius|4|0|10*
E8|subcisivus|3|0|10*
E8|subcoelestis|2|0|10*
E8|subcoeno|2|0|10*
E8|subcoeruleus|2|0|10*
E8|subcontumeliose|5|0|10*
E8|subcoquo|4|0|10*
E8|subcornicularius|4|0|10*
E8|subcortex|4|0|10*
E8|subcrassulus|4|0|10*
E8|subcrepo|3|0|10*
E8|subcretus|3|0|10*
E8|subcrispus|6|0|10*
E8|subcrotillus|3|0|10*
E8|subcrudus|4|0|10*
E8|subcruentus|4|0|10*
E8|subcultro|4|0|10*
E8|subcumbus|4|0|10*
E8|subcuneatus|3|0|10*
E8|subcurator|4|0|10*
E8|subcursor|3|0|10*
E8|subcurvus|4|0|10*
E8|subcus|2|0|10*
E8|subcustos|4|0|10*
E8|subcutaneus|2|0|10*
E8|subfarcino|3|0|10*
E8|subfermentatus|3|0|10*
E8|subfervefacio|4|0|10*
E8|subferveo|3|0|10*
E8|subfibulum|2|0|10*
E8|subflo|3|0|10*
E8|subfossio|2|0|10*
E8|subfragatio|3|0|10*
E8|subfrico|3|0|10*
E8|subfrigide|3|0|10*
E8|subfrigidus|2|0|10*
E8|subfringo|3|0|10*
E8|subfugio|2|0|10*
E8|subfulcio|3|0|10*
E8|subfulgeo|2|0|10*
E8|subfumigo|2|0|10*
E8|subfundatus|3|0|10*
E8|subfuror|3|0|10*
E8|subfusculus|3|0|10*
E8|subfuscus|3|0|10*
E8|subfusio|3|0|10*
E8|subgestio|3|0|10*
E8|subglutio|3|0|10*
E8|subgrandis|3|0|10*
E8|subgrunda|3|0|10*
E8|subgrundarium|2|0|10*
E8|subgrundatio|3|0|10*
E8|subgrundium|2|0|10*
E8|subgrunnio|3|0|10*
E8|submaestus|4|0|10*
E8|submagister|2|0|10*
E8|submanes|2|0|10*
E8|submano|2|0|10*
E8|submanus|2|0|10*
E8|submedius|4|0|10*
E8|submejo|2|0|10*
E8|submejulus|2|0|10*
E8|submemmianus|2|0|10*
E8|submemmium|2|0|10*
E8|submersio|4|0|10*
E8|submerso|3|0|10*
E8|submerus|4|0|10*
E8|submigratio|4|0|10*
E8|subminia|4|0|10*
E8|subministratio|4|0|10*
E8|subministrator|5|0|10*
E8|submissim|5|0|10*
E8|submissio|6|0|10*
E8|submoenium|2|0|10*
E8|submoestus|2|0|10*
E8|submoleste|6|0|10*
E8|submolestus|6|0|10*
E8|submoneo|6|0|10*
E8|submonstro|3|0|10*
E8|submotatio|3|0|10*
E8|submotor|2|0|10*
E8|submotus|4|0|10*
E8|submultiplex|5|0|10*
E8|submuranum|2|0|10*
E8|submurmuro|5|0|10*
E8|submussus|2|0|10*
E8|submuto|7|0|10*
E8|adcenseo|1|0|10*
E8|adclivitas|1|0|10*
E8|adcommodate|1|0|10*
E8|adcommodatio|1|0|10*
E8|adcommodatus|1|0|10*
E8|adcorporo|1|0|10*
E8|adcretus|1|0|10*
E8|adcumulate|1|0|10*
E8|adcumulatio|1|0|10*
E8|adcumulo|2|0|10*
E8|adfaniae|1|0|10*
E8|adferenda|1|0|10*
E8|adfictitius|1|0|10*
E8|adfiliatio|1|0|10*
E8|adfluente|1|0|10*
E8|adforem|1|0|10*
E8|adgar|1|0|10*
E8|adgeratio|1|0|10*
E8|adl|1|0|10*
E8|adlegati|1|0|10*
E8|adlenimentum|1|0|10*
E8|adligati|1|0|10*
E8|adpango|2|0|10*
E8|adparenter|1|0|10*
E8|adparentia|1|0|10*
E8|adpectoro|2|0|10*
E8|adpendeo|2|0|10*
E8|adpensus|1|0|10*
E8|adpetibilis|2|0|10*
E8|adpetitorius|1|0|10*
E8|adpetulantia|1|0|10*
E8|adplex|2|0|10*
E8|adplicaturus|1|0|10*
E8|adpliciturus|1|0|10*
E8|adplosus|1|0|10*
E8|adplumbatus|1|0|10*
E8|adplumbo|2|0|10*
E8|adposite|1|0|10*
E8|adpositio|1|0|10*
E8|adpositum|1|0|10*
E8|adpressus|1|0|10*
E8|adprobatus|1|0|10*
E8|adproperatus|1|0|10*
E8|adpropriatio|1|0|10*
E8|adproprio|2|0|10*
E8|adpuli|1|0|10*
E8|adreptus|1|0|10*
E8|adscensor|1|0|10*
E8|adscriptus|1|0|10*
E8|adsentiae|1|0|10*
E8|adseque|1|0|10*
E8|adsiduissime|1|0|10*
E8|adsimilanter|1|0|10*
E8|adsistrix|1|0|10*
E8|adsocietas|1|0|10*
E8|adsolido|1|0|10*
E8|adsonatio|1|0|10*
E8|adsonus|1|0|10*
E8|adspiramentum|1|0|10*
E8|adspirativus|1|0|10*
E8|adstrangulatus|1|0|10*
E8|adstrido|1|0|10*
E8|adsudasso|1|0|10*
E8|adsumptor|1|0|10*
E8|adsumptrix|1|0|10*
E8|adsurrexi|1|0|10*
E8|adtamino|1|0|10*
E8|adtempto|2|0|10*
E8|adtermino|2|0|10*
E8|adterui|1|0|10*
E8|adtestatio|1|0|10*
E8|adtestator|1|0|10*
E8|adtestatus|1|0|10*
E8|adtinctus|1|0|10*
E8|adtinguo|1|0|10*
E8|adtitulatio|1|0|10*
E8|adtollentia|1|0|10*
E8|adtolo|1|0|10*
E8|adtonsio|1|0|10*
E8|adtracto|2|0|10*
E8|adtrectabilis|1|0|10*
E8|adtrectator|1|0|10*
E8|adtrepido|2|0|10*
E8|adtribulatus|1|0|10*
E8|adtributor|1|0|10*
E8|adtributum|1|0|10*
E8|adtritio|1|0|10*
E8|adtropo|1|0|10*
E8|adtubernalis|1|0|10*
E8|adtueor|1|0|10*
E8|adturatio|1|0|10*
E8|adtusus|1|0|10*
E8|conl|2|0|10*
E8|conlaboro|1|0|10*
E8|conlacrumo|2|0|10*
E8|conlactanea|1|0|10*
E8|conlaevo|1|0|10*
E8|conlativum|1|0|10*
E8|conlectitius|1|0|10*
E8|conlibratio|1|0|10*
E8|conliciares|1|0|10*
E8|conliciaris|2|0|10*
E8|conligate|1|0|10*
E8|conligatius|1|0|10*
E8|conlimito|2|0|10*
E8|conlimitor|1|0|10*
E8|conlinio|2|0|10*
E8|conliquiae|1|0|10*
E8|conlisio|1|0|10*
E8|conlocatus|1|0|10*
E8|conlubet|1|0|10*
E8|conluctatio|1|0|10*
E8|conluctor|1|0|10*
E8|conlurcinatio|1|0|10*
E8|conlutito|2|0|10*
E8|conluvium|1|0|10*
E8|conmalaxo|1|0|10*
E8|conmanduco|1|0|10*
E8|conmemorabilis|2|0|10*
E8|conmercor|1|0|10*
E8|conmereor|1|0|10*
E8|conmetior|1|0|10*
E8|conmigro|1|0|10*
E8|conpactum|1|0|10*
E8|conparco|2|0|10*
E8|conpensatio|1|0|10*
E8|conpluriens|1|0|10*
E8|conplusculi|1|0|10*
E8|conposite|1|0|10*
E8|conpositio|1|0|10*
E8|conpositor|1|0|10*
E8|conpositum|1|0|10*
E8|conpotio|2|0|10*
E8|conpotrix|1|0|10*
E8|conprehensibilis|2|0|10*
E8|conprehensio|1|0|10*
E8|conpromitto|2|0|10*
E8|conpungo|2|0|10*
E8|conputresco|2|0|10*
E8|conrector|1|0|10*
E8|conrectura|1|0|10*
E8|conrectus|1|0|10*
E8|conrecumbens|2|0|10*
E8|conregione|1|0|10*
E8|conregno|2|0|10*
E8|conrepo|2|0|10*
E8|conrepte|1|0|10*
E8|conreptio|1|0|10*
E8|conreptor|1|0|10*
E8|conreptus|1|0|10*
E8|conresupinatus|1|0|10*
E8|conresuscito|2|0|10*
E8|conreus|1|0|10*
E8|conrigia|1|0|10*
E8|conrivalis|1|0|10*
E8|conrivatio|1|0|10*
E8|conrivium|1|0|10*
E8|conroboramentum|1|0|10*
E8|conrodo|2|0|10*
E8|conrogatio|1|0|10*
E8|conrosus|1|0|10*
E8|conrotundo|2|0|10*
E8|conruda|1|0|10*
E8|conrugis|2|0|10*
E8|conrugus|1|0|10*
E8|conrupte|1|0|10*
E8|conruptibilis|2|0|10*
E8|conruptibilitas|1|0|10*
E8|conruptivus|1|0|10*
E8|conruptorius|1|0|10*
E8|conruptrix|2|0|10*
E8|conruptus|1|0|10*
E8|conruspor|1|0|10*
E8|exscensio|1|0|10*
E8|exsolui|1|0|10*
E8|exsternatus|1|0|10*
E8|exsuperantius|1|0|10*
E8|inbibo|3|0|10*
E8|inbito|1|0|10*
E8|inbonitas|1|0|10*
E8|inbracteo|1|0|10*
E8|inlacrimosus|1|0|10*
E8|inlaedo|1|0|10*
E8|inlaesibilis|1|0|10*
E8|inlaqueatum|1|0|10*
E8|inlator|1|0|10*
E8|inlatrix|1|0|10*
E8|inlegitime|1|0|10*
E8|inlevi|1|0|10*
E8|inlevigatus|1|0|10*
E8|inlexe|1|0|10*
E8|inlibate|1|0|10*
E8|inlibatio|1|0|10*
E8|inlicenter|1|0|10*
E8|inlicibilis|1|0|10*
E8|inlicite|1|0|10*
E8|inligatus|1|0|10*
E8|inlimatus|1|0|10*
E8|inlimo|1|0|10*
E8|inlisi|1|0|10*
E8|inlitio|1|0|10*
E8|inlocalis|1|0|10*
E8|inlocalitas|1|0|10*
E8|inlocaliter|1|0|10*
E8|inlubricans|1|0|10*
E8|inlucubratus|1|0|10*
E8|inluculasco|1|0|10*
E8|inludia|1|0|10*
E8|inludio|1|0|10*
E8|inluminabilis|1|0|10*
E8|inluminatio|1|0|10*
E8|inluminator|1|0|10*
E8|inluminatus|1|0|10*
E8|inlusorius|1|0|10*
E8|inlustrius|1|0|10*
E8|inlutibarbus|1|0|10*
E8|inluvio|1|0|10*
E8|inluviosus|1|0|10*
E8|inluxi|1|0|10*
E8|inmaculabilis|1|0|10*
E8|inmaculatus|1|0|10*
E8|inmaculo|1|0|10*
E8|inmaneo|1|0|10*
E8|inmanifestus|1|0|10*
E8|inmansuetus|1|0|10*
E8|inmarcescibilis|1|0|10*
E8|inmedicabilis|1|0|10*
E8|inmedicatus|1|0|10*
E8|inmeditatus|1|0|10*
E8|inmeio|1|0|10*
E8|inmemorabilis|1|0|10*
E8|inmemoratio|1|0|10*
E8|inmemoratus|1|0|10*
E8|inmemoria|1|0|10*
E8|inmensitas|1|0|10*
E8|inmensurabilis|2|0|10*
E8|inmensuratus|1|0|10*
E8|inmeo|1|0|10*
E8|inmerens|1|0|10*
E8|inmerenter|1|0|10*
E8|inmergo|1|0|10*
E8|inmeritum|1|0|10*
E8|inmersabilis|1|0|10*
E8|inmersio|1|0|10*
E8|inmetatus|1|0|10*
E8|inminentia|1|0|10*
E8|inminutio|1|0|10*
E8|inmiserabilis|1|0|10*
E8|inmisericordia|1|0|10*
E8|inmisericors|1|0|10*
E8|inmiseror|1|0|10*
E8|inmissarium|1|0|10*
E8|inmissio|1|0|10*
E8|inmitigabilis|1|0|10*
E8|inmixtus|1|0|10*
E8|inmobilitas|1|0|10*
E8|inmoderantia|1|0|10*
E8|inmoderatio|1|0|10*
E8|inmodestus|1|0|10*
E8|inmodulatus|1|0|10*
E8|inmolaticius|1|0|10*
E8|inmolatio|1|0|10*
E8|inmolator|1|0|10*
E8|inmolitus|1|0|10*
E8|inmordeo|1|0|10*
E8|inmorior|1|0|10*
E8|inmortalitas|1|0|10*
E8|inmortaliter|1|0|10*
E8|inmortalitus|1|0|10*
E8|inmortuus|1|0|10*
E8|inmugio|1|0|10*
E8|inmulgeo|1|0|10*
E8|inmundabilis|1|0|10*
E8|inmunditia|1|0|10*
E8|inmunificus|1|0|10*
E8|inmunio|1|0|10*
E8|inmunitas|1|0|10*
E8|inmunitus|1|0|10*
E8|inmurmuro|1|0|10*
E8|inmusicus|1|0|10*
E8|inmutabilitas|1|0|10*
E8|inmutatio|1|0|10*
E8|inmutator|1|0|10*
E8|inmutesco|1|0|10*
E8|inmutilatus|1|0|10*
E8|inpacatus|1|0|10*
E8|inpactio|1|0|10*
E8|inpaenitendus|1|0|10*
E8|inpaenitens|1|0|10*
E8|inpaenitentia|1|0|10*
E8|inpaenitus|1|0|10*
E8|inpages|1|0|10*
E8|inpallesco|1|0|10*
E8|inpalpebratio|1|0|10*
E8|inparatio|1|0|10*
E8|inparatus|2|0|10*
E8|inparilis|1|0|10*
E8|inparilitas|1|0|10*
E8|inpartibilis|1|0|10*
E8|inpartio|1|0|10*
E8|inpascor|1|0|10*
E8|inpassibilis|2|0|10*
E8|inpassibilitas|1|0|10*
E8|inpassibiliter|1|0|10*
E8|inpastus|1|0|10*
E8|inpatienter|1|0|10*
E8|inpatientia|2|0|10*
E8|inpausabilis|1|0|10*
E8|inpavide|1|0|10*
E8|inpeccabilis|1|0|10*
E8|inpeccantia|1|0|10*
E8|inpedatio|1|0|10*
E8|inpedico|1|0|10*
E8|inpeditio|1|0|10*
E8|inpedito|1|0|10*
E8|inpeditor|1|0|10*
E8|inpedo|1|0|10*
E8|inpendio|1|0|10*
E8|inpendiosus|1|0|10*
E8|inpendium|2|0|10*
E8|inpenetrabilis|1|0|10*
E8|inperative|1|0|10*
E8|inperativus|1|0|10*
E8|inperatorie|1|0|10*
E8|inperatrix|1|0|10*
E8|inperceptus|1|0|10*
E8|inperco|1|0|10*
E8|inpercussus|1|0|10*
E8|inperditus|1|0|10*
E8|inperfectio|1|0|10*
E8|inperfectus|2|0|10*
E8|inperfossus|1|0|10*
E8|inperfundies|1|0|10*
E8|inperiabiliter|1|0|10*
E8|inperialis|2|0|10*
E8|inperiose|1|0|10*
E8|inperite|1|0|10*
E8|inperitia|2|0|10*
E8|inperjuratus|1|0|10*
E8|inpermissus|1|0|10*
E8|inpermixtus|1|0|10*
E8|inperpetuus|1|0|10*
E8|inperscrutabilis|1|0|10*
E8|inpersonalis|1|0|10*
E8|inpersonativus|1|0|10*
E8|inperspicabilis|1|0|10*
E8|inperspicuus|1|0|10*
E8|inpertilis|1|0|10*
E8|inpertinens|1|0|10*
E8|inpertitio|1|0|10*
E8|inperturbabilis|1|0|10*
E8|inperturbatio|1|0|10*
E8|inperturbatus|1|0|10*
E8|inpervius|2|0|10*
E8|inpetibilis|1|0|10*
E8|inpetiginosus|1|0|10*
E8|inpeto|2|0|10*
E8|inpetratio|1|0|10*
E8|inpetrativus|1|0|10*
E8|inpetrator|1|0|10*
E8|inpetulans|1|0|10*
E8|inpetuose|1|0|10*
E8|inpexus|2|0|10*
E8|inpiamentum|1|0|10*
E8|inpico|1|0|10*
E8|inpie|1|0|10*
E8|inpietas|2|0|10*
E8|inpigritas|1|0|10*
E8|inpigritia|1|0|10*
E8|inpinguo|2|0|10*
E8|inpio|1|0|10*
E8|inplacabilitas|1|0|10*
E8|inplacatus|2|0|10*
E8|inplago|1|0|10*
E8|inplano|2|0|10*
E8|inplanus|1|0|10*
E8|inplebilis|1|0|10*
E8|inplecticus|1|0|10*
E8|inplecto|1|0|10*
E8|inplementum|1|0|10*
E8|inpletio|1|0|10*
E8|inpletus|1|0|10*
E8|inplexio|1|0|10*
E8|inplicamentum|1|0|10*
E8|inplicatio|1|0|10*
E8|inplicatura|1|0|10*
E8|inplicatus|1|0|10*
E8|inpliciscor|1|0|10*
E8|inplicite|1|0|10*
E8|inplicito|1|0|10*
E8|inplicitus|1|0|10*
E8|inplorabilis|1|0|10*
E8|inploratio|1|0|10*
E8|inplumbo|1|0|10*
E8|inplutus|1|0|10*
E8|inpluviatus|1|0|10*
E8|inpolite|1|0|10*
E8|inpolitia|1|0|10*
E8|inpolitus|1|0|10*
E8|inpollutus|1|0|10*
E8|inporcitor|1|0|10*
E8|inporco|1|0|10*
E8|inportabilis|1|0|10*
E8|inportaticius|1|0|10*
E8|inportune|1|0|10*
E8|inportunus|2|0|10*
E8|inportuosus|2|0|10*
E8|inpos|2|0|10*
E8|inpositicius|1|0|10*
E8|inpositio|1|0|10*
E8|inpositivus|1|0|10*
E8|inpositor|1|0|10*
E8|inpossibilis|1|0|10*
E8|inpossibilitas|1|0|10*
E8|inpostor|1|0|10*
E8|inpostura|1|0|10*
E8|inpostus|1|0|10*
E8|inpotabilis|1|0|10*
E8|inpotenter|1|0|10*
E8|inpraegno|1|0|10*
E8|inpraepedite|1|0|10*
E8|inpraepeditus|1|0|10*
E8|inpraeputiatus|1|0|10*
E8|inpraescientia|1|0|10*
E8|inpraestabilis|1|0|10*
E8|inpransus|1|0|10*
E8|inprecatio|1|0|10*
E8|inprensibilis|1|0|10*
E8|inpresse|1|0|10*
E8|inpressio|2|0|10*
E8|inpretiabilis|1|0|10*
E8|inprincipaliter|1|0|10*
E8|inprobabilis|1|0|10*
E8|inprobatio|1|0|10*
E8|inprobator|1|0|10*
E8|inprobe|1|0|10*
E8|inprobiter|1|0|10*
E8|inprobito|1|0|10*
E8|inprobulus|1|0|10*
E8|inprocerus|1|0|10*
E8|inprocreabilis|1|0|10*
E8|inprofessus|1|0|10*
E8|inpromiscus|1|0|10*
E8|inprope|1|0|10*
E8|inproperanter|1|0|10*
E8|inproperatus|1|0|10*
E8|inproperium|1|0|10*
E8|inproperus|1|0|10*
E8|inproprie|1|0|10*
E8|inproprietas|1|0|10*
E8|inproprius|1|0|10*
E8|inpropugnatus|1|0|10*
E8|inprospectus|1|0|10*
E8|inprotectus|1|0|10*
E8|inprovide|1|0|10*
E8|inprovidentia|1|0|10*
E8|inprovise|1|0|10*
E8|inprudenter|1|0|10*
E8|inpubescens|1|0|10*
E8|inpudice|1|0|10*
E8|inpugnatio|1|0|10*
E8|inpugnator|1|0|10*
E8|inpugnatus|1|0|10*
E8|inpulsio|1|0|10*
E8|inpulsor|2|0|10*
E8|inpulstrix|1|0|10*
E8|inpulvereus|1|0|10*
E8|inpunctus|1|0|10*
E8|inpunis|2|0|10*
E8|inpunitas|2|0|10*
E8|inpunite|1|0|10*
E8|inpuratus|1|0|10*
E8|inpure|1|0|10*
E8|inpurgabilis|1|0|10*
E8|inpuritas|1|0|10*
E8|inpuritia|1|0|10*
E8|inputatio|1|0|10*
E8|inputativus|1|0|10*
E8|inputator|1|0|10*
E8|inputatus|1|0|10*
E8|inputresco|1|0|10*
E8|inputribilis|2|0|10*
E8|inradio|1|0|10*
E8|inrado|1|0|10*
E8|inrasus|1|0|10*
E8|inrationabilis|2|0|10*
E8|inrationabilitas|1|0|10*
E8|inrationalis|2|0|10*
E8|inrecogitatio|1|0|10*
E8|inrecordabilis|2|0|10*
E8|inrecuperabilis|2|0|10*
E8|inrecusabilis|2|0|10*
E8|inredivivus|1|0|10*
E8|inredux|1|0|10*
E8|inreformabilis|2|0|10*
E8|inrefragabilis|2|0|10*
E8|inrefutabilis|1|0|10*
E8|inrefutatus|1|0|10*
E8|inregibilis|1|0|10*
E8|inregressibilis|2|0|10*
E8|inreligio|1|0|10*
E8|inremediabilis|2|0|10*
E8|inremisse|1|0|10*
E8|inremissibilis|2|0|10*
E8|inremotus|1|0|10*
E8|inremunerabilis|2|0|10*
E8|inremuneratus|1|0|10*
E8|inrepercussus|1|0|10*
E8|inrepletus|1|0|10*
E8|inreposcibilis|1|0|10*
E8|inreprehensibilis|2|0|10*
E8|inreptio|1|0|10*
E8|inrepto|1|0|10*
E8|inreptor|1|0|10*
E8|inrequiebilis|1|0|10*
E8|inrequies|1|0|10*
E8|inrequisitus|1|0|10*
E8|inresolubilis|1|0|10*
E8|inrespirabilis|1|0|10*
E8|inrestinctus|1|0|10*
E8|inretractabilis|1|0|10*
E8|inreverens|2|0|10*
E8|inrevocandus|1|0|10*
E8|inridenter|1|0|10*
E8|inrigator|1|0|10*
E8|inrisi|1|0|10*
E8|inrisibilis|1|0|10*
E8|inrisorius|1|0|10*
E8|inritatrix|1|0|10*
E8|inrite|1|0|10*
E8|inroborasco|1|0|10*
E8|inrogatus|1|0|10*
E8|inroto|1|0|10*
E8|inrubesco|1|0|10*
E8|inrufo|1|0|10*
E8|inrugatio|1|0|10*
E8|inrugio|1|0|10*
E8|inrugo|1|0|10*
E8|obcaecatio|1|0|10*
E8|obcanto|1|0|10*
E8|obcedo|1|0|10*
E8|obcelo|1|0|10*
E8|obcensus|1|0|10*
E8|obclamito|1|0|10*
E8|obclaudo|1|0|10*
E8|obclusus|1|0|10*
E8|obfarcinatus|1|0|10*
E8|obfertor|1|0|10*
E8|obfertorium|1|0|10*
E8|obfixus|1|0|10*
E8|obfulgeo|1|0|10*
E8|obfuscatio|1|0|10*
E8|obfusco|2|0|10*
E8|obpallesco|1|0|10*
E8|obpallio|1|0|10*
E8|obpango|1|0|10*
E8|obpecto|1|0|10*
E8|obpedo|1|0|10*
E8|obpessulatus|1|0|10*
E8|obpetitus|1|0|10*
E8|obpexus|1|0|10*
E8|obpico|1|0|10*
E8|obpignerator|1|0|10*
E8|obpignero|1|0|10*
E8|obpilatio|1|0|10*
E8|obploro|1|0|10*
E8|obpositio|1|0|10*
E8|obpressio|1|0|10*
E8|obpressiuncula|1|0|10*
E8|obprobramentum|1|0|10*
E8|obprobriosus|1|0|10*
E8|obprobrium|2|0|10*
E8|obpugnatorius|1|0|10*
E8|obputo|1|0|10*
E8|obpuvio|1|0|10*
E8|obsci|1|0|10*
E8|obsonor|1|0|10*
E8|subcinctus|1|0|10*
E8|subcinerarius|1|0|10*
E8|subcingulum|1|0|10*
E8|subcino|1|0|10*
E8|subconditor|1|0|10*
E8|subcuba|1|0|10*
E8|subcudo|1|0|10*
E8|subcussatura|1|0|10*
E8|subcussio|1|0|10*
E8|subcusso|1|0|10*
E8|subcussor|1|0|10*
E8|subcussura|1|0|10*
E8|subfarcinatus|1|0|10*
E8|subfectio|1|0|10*
E8|subfectura|1|0|10*
E8|subferentia|1|0|10*
E8|subfervefactus|1|0|10*
E8|subfervefio|1|0|10*
E8|subflammo|1|0|10*
E8|subflatio|1|0|10*
E8|subfocabilis|1|0|10*
E8|subfocatio|1|0|10*
E8|subfossus|1|0|10*
E8|subfragator|1|0|10*
E8|subfrenatio|1|0|10*
E8|subfrendens|1|0|10*
E8|subfrondeo|1|0|10*
E8|subfugium|1|0|10*
E8|subfumigatio|1|0|10*
E8|subfumo|1|0|10*
E8|subfusus|1|0|10*
E8|submanans|1|0|10*
E8|submoenianus|1|0|10*
E8|submontorium|1|0|10*
E8|adpostulo|4|0|10*
E8|inlutus|2|0|10*
