|0
Interj.|34
Praep.|16
a,|7629
um|7064
ōnis,|3015
f.|9459
ōris,|1539
m.|7509
Us,|117
ī,|4689
n.|3853
indecl.|72
ere|1881
Avī,|1563
Atum,|1397
Are|1681
Adv.|2888
āre|1469
ae,|4666
=|604
avi|7
amita|1
#NOM|83
?|83
avia|1
avunculus|1
Corp.|12
inscr.|11
Lat.|13
1,|17
1198),|1
I,|114
avus|1
āre,|44
I)|1207
ōrum,|532
īcis,|58
dīxī,|14
dictum,|12
dinis,|32
um,|729
PAdj.|31
didī,|21
ditum,|20
minis,|45
dūxī,|23
ductum,|22
elis,|1
iī,|1315
itum,|32
Ire|150
ēre|191
uī,|92
Ere,|46
iēcī,|15
iectum,|15
etis,|5
ūs,|561
ātum,|40
ēgi,|2
Actum,|13
Adv.,|34
a)|32
iūnxī,|9
iūnctum,|10
ere,|331
pl.|25
Ivī|62
ἀπᾴδειν|1
luī,|9
lūtum,|6
matertera|1
Are,|259
ōtis,|14
nepos|1
is,|502
neptis|1
e|2002
ātis,|663
nuī,|3
nuitūrus,|1
fēcī,|52
factum,|36
Evī,|3
itum|1
lēvī,|14
Atus|278
sum,|456
Arī,|28
ortus|5
Irī,|8
scī|3
Ivī,|59
Onis,|71
rāsī,|8
rāsum,|9
ripuī,|9
reptum,|9
rōsī,|7
rōsum,|6
rūpī,|11
ruptum,|12
cessī,|18
cessum,|15
cīdī,|14
cīsum,|14
scidī,|8
scissum,|8
Partic.|61
condidī|1
dare|5
entis,|100
īre|166
stitī,|18
stitum,|2
erī,|10
solvī,|6
solūtum,|7
antis|87
buī,|19
Ere|252
Err|58
:509|57
tersī,|6
tersum,|5
terruī,|6
territum,|6
Acis|50
tinuī,|9
tentum,|14
tollo,|1
Ps.|3
Ambr.|1
serm.|1
18,|3
3.|3
trāxī,|13
trāctum,|1
trūsī,|5
trūsum,|7
Compar.|34
Afuī,|1
Afutūrus,|1
abesse|1
inis,|385
sūmpsī|1
idis|102
tis|10
abundans|1
Usus|3
Utī|4
ēs,|325
idis,|160
I|22
on|172
die|1
röm.|1
Flurgöttin|1
tr.|46
cendī,|3
cēnsum,|5
dentis,|4
cidī,|10
cinxī,|1
cīnctum,|9
ūi,|1
cēpī,|11
ceptum,|10
tris,|11
nōvi,|4
nitum,|3
coluī,|7
um.|2
crēvī,|16
crētum,|14
ium,|84
accubo|1
accubitio|1
cūdī,|4
cūsum,|3
cubuī,|11
cubitum,|7
āvi,|182
Arī|373
acuī,|7
cris,|7
cre|6
eris,|58
Adj.|13
ārum,|284
ae|127
itis|6
Es|4
ontis|24
untis|1
adis,|38
ēi,|15
is|213
ī|27
ydis,|3
quiēvī,|4
quiētum,|4
sīvī,|2
sītum,|2
agrifolius),|1
vōcis|1
atis,|186
onis|24
on,|3
Nom.|1
Plur.|4
oe|1
ἀκτινοειδής|1
oris,|37
aquarius|1
no.|9
II,|5
A,|1
2|7
acūtum,|1
ἀναγιγνώσκω|1
tidis|21
Solin.|2
52,|1
57),|1
peruī,|7
pertum,|7
Aruī,|6
auxī,|3
auctum,|2
bibī,|8
Irī|33
ācis,|19
didicī,|7
Edī,|9
Esum,|4
dipis,|1
c.|118
haesī,|8
haesum,|5
balis,|2
bitum,|8
Itum,|52
Ari|56
īgis,|6
Egī,|12
f.,|100
Gloss.|17
V,|3
344,|1
19|1
Emī,|8
emptum,|1
Etum,|1
gredī|20
vēnī,|15
ventum,|16
adeptus|1
adipiscī|1
iūnxi,|1
iūvī,|2
iūtum,|1
iuvāre|1
Oris,|21
mānsit|1
mēnsus|7
strī,|8
intr.|101
e,|76
mīscuī,|4
mīxtum|2
mīsī,|24
missum,|24
Itus|14
mōvī,|12
mōtum,|14
ōnis|37
1)|13
olēvī,|2
ultum,|1
eī,|47
nidis|3
Verg.|3
ecl.|1
10,|4
18.|1
Ov.|1
met.|4
532.|1
Hygin.|1
fab.|2
58.|1
Myth.|1
2,|14
128:|1
antis,|56
entis|150
m.,|133
<B>adultera</B>,|1
Icis|9
ēre,|16
ussī,|6
ustum,|2
Atum|10
vēxī,|13
vectum,|13
vertī|18
āvit,|2
vīxī,|7
volvī,|12
volūtum,|12
ficis,|12
tis,|8
gra,|8
grum|8
eī|38
ipis,|1
ōpis|3
ānos,|1
pedis|44
Aenus|1
n|2
Aequīcolī|1
</B>|11
aris|1
Varr.|3
sat.|7
Men.|9
288),|1
āeris|1
fera,|149
ferum|148
ginis,|9
aeris,|1
aris,|13
aestimatio|1
eris|5
bra,|9
brum|8
attulī|1
fectum,|12
fīxī,|11
fīxum,|12
finxī,|2
fictum,|6
xī,|1
xum,|1
flīxī,|4
flīctum,|4
flūxī,|13
frāctum,|12
fricuī,|6
fricātum,|3
fulsī,|12
fūdī,|17
fūsum,|18
matos,|1
ēs|15
agrī,|1
polidos|1
gessī,|12
gestum,|13
gerere|1
gressus|18
gidis|1
ontis,|17
Agonalia|1
nātus|9
nāscī|9
agnomen|1
nōvī,|5
ium|12
Ag.|1
porta|1
āri|9
Adi.|159
comp.|1
Gnaeus|1
Iulius|3
ācis|15
PAdi.|462
Verb.|1
defect.|3
Alemannī|1
Orum,|15
Oris|20
Celsus|1
Albinovanus|1
iī|21
es,|19
dontis,|2
ānis|3
ae.|14
το|3
onis,|52
drī,|11
alsī,|2
gera,|57
gerum|57
aliquae,|1
aliquod|1
quaecumque,|2
quodcumque|2
quaelibet,|2
quodlibet|2
aliqua,|1
aliquid|1
<B>aliqua-vīs</B>,|1
<B>aliquid-vīs</B>|1
Numer.|11
indef.|1
alid|1
200,|1
86),|1
allium),|1
ud|1
lāpsus|15
lābī|9
hallēc),|1
Ecis,|1
Demin.|30
lēgī,|11
lēctum,|14
ἀλληγορειν|1
icis,|46
pellex|1
in|8
pede|1
iāticusae,|1
lexī,|2
lectum,|3
līsī,|7
līsum,|7
allino|1
litum,|10
adlocūtus|1
alloquī|1
lūxī,|15
lūsī,|10
aluī,|1
altum|1
ἀλογοῦµαι|1
alte|1
gradiens|1
altus|1
tera,|3
terum|3
hyoscyamus|1
icis|7
duplex|1
<B>alter-utra|1
alterutraque,|1
alterutrumque|1
frontis|5
assiste|1
altrim|1
secus|1
n.,|53
σύµφυτον|1
perdicium|1
Gaius|1
chamaemelon|1
mānsī,|5
a|69
manu|1
servus|1
amasius|1
ūntis|5
tra,|21
trum|19
rīgis,|2
īcis|4
O|1
umbo,|1
LL.|1
5,|7
115.|1
Cassiod.|3
hist.|4
4.|2
ἀσκοῦ|1
στόµα|1
icuī|1
amice,|1
Pacuv.|4
131.|1
Plaut.|14
Pers.|1
255;|1
Ἀµίνειος),|1
ātus,|85
tidis,|28
plexus|3
plectī|3
pycis|1
āmunclae,|1
Amunculae),|1
Arum,|3
Coni.|34
eōs,|2
matos|1
i,|17
cipitis|9
convalles|1
vel|1
arborum|1
intervalla,|1
Paul.|11
ex|11
Fest.|13
11,|2
12.|5
Placid.|1
gloss.|3
<p>|1
ānun,|1
<B>-geōnēus</B>|1
</I>Us,|1
pedis,|11
στενωπός|1
angustia|1
ālis,|12
Onis|9
nexuī,|4
nexum,|4
nīxus|3
anniversarius|1
επονοµάζω|2
Abl.|8
U,|7
trīcis,|324
quīsīvī,|5
quīsītum,|5
seris,|1
χήν|1
ceptum|1
tulī,|9
lātum,|8
ferre,|5
προποδισµός|1
antilena|1
ōris|11
oris|18
προκατάληψις|1
posuī,|19
situm,|9
Otis|2
ē,|6
vēni,|2
ōn,|8
acis,|22
17,|2
4|9
›antioper|1
προ|1
τούτου|1
loca,|1
quae|3
quattuor|2
punctis|1
cardinalibus|1
aequaliter|1
distant,|1
Firm.|1
math.|1
2.|9
praef.|2
p.|10
15.|1
lin.|2
23|2
matis,|23
stitis,|2
stāre|3
ontos,|2
trī,|23
uris,|9
compesce,|1
22,|1
17.|2
εκβάλλω|1
aprī,|1
prī,|3
picis,|6
dracontium|1
acoron,|1
Apul.|6
herb.|2
6.<B>|1
Aphrodītē</B>,|1
aptus|1
apiscī|1
ἀπλυσίαι|1
nidis,|2
itis,|21
itūrus,|2
pulī,|9
pulsum,|10
v.|27
pendī,|9
pēnsum,|10
fem.|4
pinxī,|1
pictum,|5
āris,|18
und|1
compar.|14
</I>Avī,|2
προςολοφύρεσθαι|1
positum,|19
prehendī,|3
prehēnsum,|3
pressī,|9
pressum,|9
punctus,|1
ga,|1
hapsis),</I>|1
sīdis,|1
Acc.|11
sīda,|1
plur.|5
sīdas,|1
ἀµπελόφυλλα|1
206,|1
15|1
</I>I,|4
podis,|9
legis|1
ferī,|13
<B>aquiminārium</B>,|1
bum|1
tōn,|1
Es,|9
Arachosia,|1
Isid.|3
14,|5
3,|9
8|2
ūs|7
cadis,|1
cuī,|10
tyris,|1
tricliniarcha|1
arcuatura,|1
Vitell.|1
poët.|1
Arsī,|4
Arsūrus,|1
cere|1
</I>|7
uitūrus,|1
pidum|2
mantis,|2
ōdis,|3
custos|1
armorum|1
rēpsī,|9
Aridaeus),|1
rīsī,|5
rīsum,|5
rēxī,|9
rēctum,|8
ūntis,|9
senis|2
midis.|1
arcis,|1
artaena),|1
assis,|2
Asc.|1
lacus|1
axilla,|1
scendī,|5
scēnsum,|6
ascīvī,|1
ascītum,|1
scrīpsī,|13
scrīptum,|13
επιγράφω,|1
era,|11
erum,|1
spersī,|5
spersum,|5
tātis,|1
spēxī,|12
spectum,|12
intr.:|16
A)|26
pidis|4
n.]|1
sensī,|2
sēnsum,|6
sentīre|1
secūtus|9
sequī|6
seruī,|9
sertum,|10
sēvī,|11
ius,|1
essedarius|1
sēdī,|17
sessum,|17
sēdi,|4
siluī,|7
astitī|1
suēvī,|6
suētum,|6
sūctum,|3
affuī|1
sūmpsī,|6
sūmptum,|7
suī,|7
sūtum,|6
surrēxī,|6
surrēctum,|6
astacus|1
tuī,|9
tūtum,|2
strepuī,|3
strepitum,|3
strīnxī,|11
strictum,|13
struxī,|1
strūctum,|11
actis|1
tacis,|1
ātra,|1
Atrum,|1
ον)|1
lidis|3
acis|2
plicis|12
trōcis,|1
gēnis|1
attattatae,|1
ēī,|55
tendī,|11
trīvī,|12
trītum,|12
Ari,|2
texuī,|11
textum,|10
thidis|3
tigī,|3
tāctum,|3
tinctum,|1
tondī,|2
tōnsum,|3
tonuī,|6
tonitum,|1
tractum,|11
būtum,|4
Erī|17
tūsum,|2
yos|4
cupis,|1
ausus|1
abstulī,|2
ablātum,|1
auferre|1
fūgī,|13
locus|2
secretus|1
publicus,|1
sicut|1
theatris|1
aut|1
circo,|1
Petr.|1
fr.|9
XI|1
II.|1
109|1
B.|1
8,|8
Flavius|4
Claudius|1
auricula|1
aurigo|1
Decimus|1
Magnus|2
spicis,|2
disiunct.|1
adversat.|1
vellī|3
verrī,|2
archaist.|2
egerim,|1
297;|1
ānis,|1
vas|2
aquarium,|1
IV,|9
170,|1
–|15
2)|1
vinarium,|1
599,|1
idos,|4
chidis,|1
bacillus|1
Biterrae),|1
Biterrēnsis)|1
bīto),|1
Bagenni,|1
Vagenni),|1
portus|1
Arum|4
ἀχθοφόρος|1
βαλανεύς|1
ūcis,|2
eos|15
um]|1
cidis,|1
bri,|1
ycum,|1
phontis,|1
Av|1
indecl.,|3
bēssis|1
bēchos,|1
bibo|1
II|3
bibī|1
actis,|2
gerī,|6
cordis|10
erum|10
lancis|1
līcis|1
ītum,|4
byrrhus),|1
<B>bistia</B>|1
bestia|1
ticis|1
dītus|1
dīrī|1
ital.|1
udis,|2
āris|3
ȳcis|2
bovis,|2
βουστάσιον|1
tryos,|1
yos,|5
bōcis|1
bravīum),|1
432,|1
10.|3
bravifer|1
brachialis|1
ys,|1
quentis|1
idos|1
broccus,|1
broncus,|1
bronchus),|1
ōntis,|4
Brundisium|1
Brittiī),|1
drückt|1
vielen|1
Zusammensetzungen|1
griech.|1
Wörter|1
bloß|1
den|1
Begriff|1
des|3
sehr|1
Großen,|1
Ungeheuern|1
aus,|1
ist|2
aber|2
auch|2
diesen|1
Fällen|1
von|1
</I>βοῦς|1
buccilla,|1
bucilla),|1
būcēlātum),|1
buccellare|1
u.|13
adis|25
aedis,|1
rufus,|1
πυρρος,|1
ξανθός|1
Pyrrhus|1
ridis|2
<B>c,|1
īī,|12
καγχασµός|1
<B>-on</B>|4
-us,|1
cecidī,|2
cāsūrus,|2
κηρύκειον,|1
κηρύκιον|2
cecīdī,|2
caesum,|1
libis|1
C.|6
καιρόεις|1
pitis,|5
brīcis,|1
midis,|2
κρήδεµνον|1
calcaneum|1
ὑποδηµατάριος|1
171|1
R.),|1
Chalcēdon),|1
caluī,|5
Callirhoē),|1
scī,|1
tricis,|6
σχοινοβάτης|1
apiciosus|1
vī,|1
Depon.|1
cis,|2
ycis,|2
stris,|2
stre|2
κάµπτριον|1
ēris,|10
cannaba,|1
canava,|1
canapa),|1
crī,|4
brī,|7
duī,|12
P.</B>|1
canistrum|1
bis|3
cecinī,|2
cantum,|1
Κανθαρόλεθρος|1
Flāvius|1
Itūrus,|1
captum,|2
quod|3
capi|1
potest,|1
65,|1
18|3
αἴγειος|1
yis|3
atis|8
quam|1
Afrorum|1
lingua|1
panem|1
esse|7
dicimus,|1
Plac.|1
26.|2
ricis,|1
em,|2
E|2
ridis,|4
carnis,|1
carpsī,|1
carptum,|1
mons|3
der|3
Aurelius|2
ēris|11
L.|4
Sergius|1
αἴλουρος|1
Q.|3
Valerius|1
Catullus|1
iunceus|1
dicis,|4
cōlēs),|1
κάπηλος|1
cavum|1
aedium|2
cāvī,|3
cautum,|3
ēnis,|6
opis,|7
<ī>u.|2
</ī>cette|1
bris,|9
bre|8
ētis,|13
tum|1
ōcis,|1
Orum|14
num.|12
ordin.|1
card.|1
centurio|1
<B>-Eius</B>|1
cerasi|1
pomum|1
tītidis|1
ōpis,|4
cerinus|1
ȳcis,|1
ἄλλως|1
ybis,|3
itos|1
Sosipater|1
Ch.|1
charta|1
dis|1
Catti),|1
mētis|1
Un|1
pidis,|2
cidos|2
uris|3
cinis,|4
<B>cidara</B>|1
cīvī,|3
citum,|7
ciēre|1
cīmīlium),|1
micis,|1
σειρά|1
ψιµυθιστής|1
Quintius|1
cīnxī,|5
ypis,|1
circitor,|1
III,|1
149,|1
30.|3
ferre|8
cīnxi,|3
circumeo|1
clūsī,|9
clūsum,|11
dedī,|4
datum,|5
are|3
flexī,|6
flexum,|6
fluxī,|1
fluxum,|1
fōdī,|11
fossum,|12
fremuī,|4
fulsum,|1
alqd|1
alci|1
rei|1
locūtus|7
loquī|6
moenitus,|1
περικινῶ|1
Ire,|24
nexus,|1
Atus,|5
rōsi,|1
περιρρήσσω|1
saepsī,|7
saeptum,|7
scrīpsi,|2
sectum,|11
stetī|2
περιλύω|1
sonuī,|8
sonātum,|1
spexī,|1
stetī,|3
structum,|1
tēctum,|12
tenuī,|2
ēri|2
tūsus,|1
vāsi,|1
vectus|4
vehī|3
vinctus,|1
m|1
<B>citius</B>,|1
Superl.|21
<B>citissimē</B>,|1
clāruī,|2
clare|1
clausī,|1
clausum,|1
clūstellum),|1
clepsī,|1
cleptum,|1
κλίνη)|1
cingo|1
clōvāca,|1
cluāca),|1
clūnābulum),|1
πίθηκος,|1
κερκοπίθηκος|1
mīdis,|1
dācis,|2
coaluī,|1
coalitum,|1
itus,|1
guī,|7
gūtum|1
Aris|1
lidis,|1
clitis,|1
n.)|2
<B>Euboeae</B>|1
Emptum,|5
coiī|1
coepī,|1
coeptum,|1
coepere|1
pelicanus|1
centis,|1
gnōvī,|1
gnitum,|1
coēgi,|1
coāctum,|1
ēdis,|2
c|1
horruī,|5
chōrs;|1
cohortor,|1
Claud.|3
Quadrig.|3
54|1
colon|1
cultor|1
factus|6
fierī|12
lābi|2
libuit|2
līquī,|4
collūxī,|1
lūsum,|7
colluvies|1
collyris|1
cultum,|7
Colonae|1
rōtis,|2
badis|1
Ustum,|6
Esum|3
comedo|1
comitia,|1
6,10213|1
comitor|1
mānsus,|1
6,|7
2436|1
marcuī,|2
yris,|2
mātūruī,|3
isse|2
commentor,|1
Rut.|1
Lup.|1
cod.|2
A|1
meruī,|3
meritum,|3
meritus|1
Erī,|2
mīnxī,|3
mictum|1
mentus|2
minīscī|3
minuī,|4
minūtum,|2
miscuī,|3
mixtum|1
ritus|2
mortuus|7
morī|7
commoror|1
mulsī,|5
mulsum,|3
cipis,|6
communico|1
cōmpsī,|1
cōmptum,|1
pactus|1
paris,|1
adi.|4
parsī|1
pāruī,|2
cipis|7
passus|3
perī,|1
pertus|2
pēscuī,|2
petīvī|1
pēgī,|2
pāctum,|3
pīnxī,|5
cuī|1
plēvī,|7
plētum,|6
plōsī,|4
plōsum,|4
Utum,|15
neutr.|16
<B>complūra|1
potis|2
συγκτήτωρ|1
praedis,|2
prehendī|2
Frontin.|1
aqu.|1
77|1
Buech.),|1
pūnxī,|4
pūnctum,|5
putuī,|1
putruī,|2
calluī,|3
σύνδειπνος|1
cerpsī,|5
cerptum,|5
concerto|1
inciens|1
cinuī,|1
centum,|1
συµπολίτης|1
clūsi,|2
coxī,|9
coctum,|9
<B>-Ensēs</B>|1
dis,|2
bruī,|1
puī,|6
concubina|1
συναναπίπτω|1
pīvī|1
currī|5
cussī,|9
cussum,|10
pass.|1
συνήδοµαι|1
depsuī,|3
συµπάσκω|1
doluī,|5
dormīvī,|1
tr.:|6
χοιροσφαγειον|1
fersī,|2
fertum,|2
contulī,|1
collātum|1
cum|1
omni|1
fetu|1
adhibebatur|1
ad|4
sacrificium,|1
57,|1
21.|2
fēci,|3
fīsus|3
fixi,|1
fixum,|1
fīnxī,|4
fessus|3
t.|4
sc.|12
coniuges|1
fōtus,|2
fracuī,|2
fremui,|1
frīxī,|6
frīxum,|1
frēgī,|10
futūrum,|1
fore|1
fultus,|1
sī,|3
gemuī,|2
σύγγαµβρος|1
ὁµόεθνος|1
grī,|5
congeries,|1
Gromat.|4
vet.|4
211,|1
10;|1
227,|1
16|2
congerro,|1
Lucil.|5
inc.|2
177|1
quibus|1
ante|1
intermissum|1
fuerat|1
gerebatur,|1
Suet.|1
gregis,|2
gruī,|3
κονιστήριον|1
κώνειον|1
iugis,|1
pis,|1
questus|4
querī|4
quexī,|1
dōtis,|2
sānuī,|3
īre,|7
scīvī|3
συγγράφω|1
secuī,|12
senuī,|4
συµπεσβύτερος|1
συνέδριον|1
sepultus,|1
quentis,|1
situm|1
cerī,|2
consolor,|1
347;|1
ūtum,|1
sortis|3
spondī,|3
spōnsum,|4
spuī,|5
spūtum,|5
mathematicus|1
Avi,|4
strāvī,|10
strātum,|10
stituī,|3
stitūtum,|4
stātūrus,|5
pitum,|3
strūxī,|8
facere|1
sulis,|2
suluī,|1
sultum,|5
Ar</B>I|1
tābuī,|6
tēxī,|8
tempsī,|2
temptum,|1
brāvī,|1
ticuī,|2
impers.|15
torsī,|9
tortum,|8
torruī,|3
ἀντιγραφεύς|2
ἀντιγράφω|1
tremuī,|2
tribuī,|2
tribūtum,|2
trūsi,|2
tuitus|3
mācis,|1
tudī,|5
valuī,|8
vexus|1
vēlātus,|1
verrī|1
vescī|2
vīcī,|6
victum,|6
vīctum,|2
vōvī,|3
vōtum,|3
pis|2
caupo|1
cordis,|1
racis|1
racis,|1
Ar|1
a-|1
Us|8
corrigia|1
ruī,|10
ruitūrus,|2
ticis,|4
potentis|3
iōrum,|30
cōtis,|1
coctana,|1
cotana,|1
cotona,|1
cottona|1
nīcis|1
donis,|2
tyis|1
dicis|1
centis|2
tēris|1
brum,|1
bruī|2
pācis|2
pera,|1
perum|1
cantis|1
cidis|1
crucis|1
stultitia|1
trī|1
crūris,|2
crucis,|1
es|8
phōntis|1
phōntis,|1
cucullus|2
meris,|1
ātis|6
od.|4
richtiger|2
getrennt|2
cūiusdam|1
modī|1
<B>cūiavīs</B>,|1
<B>cūiumvīs|1
licis,|3
culicare,|1
Itala|2
Iudith|1
16,|6
culpābilius,|1
-on|1
gummi),|1
cumprimis,|1
Cic.|3
de|16
div.|1
68|1
M.|6
quomque),|1
cumulate|1
cuniculus|1
trip.|1
50,|1
copula|1
pēdis,|1
cucurrī,|1
cursum,|7
Frequ.|1
cuathus),|1
didis,|2
clōpis|1
cotyledon|1
cinyra|1
Indecl.|1
mōnis,|1
significantes|1
magnifice|1
Akk.|1
Ona|1
feri,|1
dapis,|1
īa,|1
y|1
lautia|1
ūtus,|1
arsī,|2
decas|1
eos,|8
uum,|6
ἀποφαίνω|1
dēquoquo),|1
ūncis,|4
decuī,|1
coris|1
superl.|1
ἀποµανθάνω|1
ducis|3
fendī,|2
fēnsum,|2
rīcis,|4
strīcis,|2
dē-tulī,|1
dē-lātum,|1
dē-ferre,|1
fervī|1
fetīsci|1
fessus,|1
Eri|2
flēvī,|3
flētum,|2
flōruī,|5
ἀπανθέω|1
καταρρέω|1
fricātum|3
fruī|1
fūnctus|3
fungī|3
neris,|1
glūpsī,|2
glūptum,|2
dēgī,|1
καταβαρέω|1
κατάβασις|1
hausī,|3
haustum,|3
hibuī,|2
ξενίζοµαι|1
iēci,|3
lābī,|7
ἀποδαψιλεύοµαι|1
lavātus|1
lētum,|2
līnxi,|1
līnctum,|3
lictum,|3
licuī,|4
maduī,|4
valde|2
magis|1
mentis|2
mersī,|5
mersum,|5
tros,|1
mētīrī,|2
messuī,|2
messum,|3
dēmpsī,|1
dēmptum,|1
mōlītus|1
ītus,|5
ōntis|1
mordī,|3
morsum,|4
morī,|1
trans.|1
mulsi,|1
mulsum|3
distrib.|2
enixe|1
ētum,|2
nūpsī,|5
nūptum,|5
operuī,|2
opertum,|1
pactum,|1
pāvī,|4
pāstum,|2
pāstus|2
pāscī|1
pectus|1
pecīscī|1
pēxī,|2
pexum,|1
U|1
perdidī,|1
perditum,|1
periī,|2
peritūrus,|1
plānxī,|2
plānctum,|2
pluī,|2
qui|4
sexagenarii|1
ponte|1
deiciebantur,|1
75,|2
7.|4
popōscī,|3
prandis|1
prōmpsī,|3
prōmptum,|3
εξιλάσκοµαι|1
depstum,|1
ἀπερυθριῶ|1
puduit,|1
assignatio,|1
var.|1
5|2
riguī,|3
rutum,|5
scendi,|1
scissus,|1
sipis|1
sidis|2
sēdī|2
sīdī,|1
siī,|1
sipuī,|2
despolio,|1
Afran.|2
com.|6
42|1
R.2|1
ἀποπείθω|1
sūctus,|1
fuī,|9
surrēxi,|1
tabuī,|1
tepuī,|4
ius|2
attribuo,|1
tumuī,|4
tūnsum,|1
Petron.|1
58,|1
7|3
vellī,|6
vulsum|2
vēscī|1
vīnxī,|5
vīnctum,|4
Adv|1
diaconus,|1
Greg.|2
epist.|2
34:|1
diaconissa|1
diagredion),|1
χορδῶν)|1
Genet.|3
a,um|4
dīdidī,|1
dīditum,|1
pitris,|1
dis-tulī,|1
dī-lātum,|1
dif-ferre|1
fidī,|3
fissum,|3
flūxum,|7
fortis|1
fugitum,|6
nōscere|1
lēxī,|4
mētīrī|1
rygis,|1
ploidis|1
dīruī,|1
dīrutum,|1
dītis,|1
Dītis,|1
Praeposit.|1
insepar.|1
Graeci|1
εκδόριον|1
vocant|1
mōtus,|1
pandī,|2
pānsum,|1
paris|5
Iv</B>I|1
pēstum,|1
plicuī,|2
plicitum,|1
ἀναπτύσσω|1
Non.|3
duit,|1
sēnsī,|5
Fut.|2
-abit,|1
sonitum,|4
suāsī,|2
suāsum,|3
tentum|3
<B>dīstillo</B>,|1
stīnxī,|4
stīnctum,|4
<B>diūtius,|1
<B>diūtissimē</B>,|1
εκπορθῶ|1
<B>dīvitior,|1
-ius</B>|1
vīsī,|6
vīsum,|10
Enn.|4
docuī,|3
doctum,|3
tēridis,|1
dolitūrus,|1
itus|1
lopis,|1
dominus|2
domina|2
fundi|1
praedii|1
domuī,|4
domitum,|3
domus|1
usio|1
Aelius|2
D.|2
Com.|1
virī,|9
auf|1
sechs|1
Inschriften|1
Kaiserzeit,|1
volkstümlich|1
=</I>|1
donec|1
dum|1
o|1
duceni|1
dipondiārius),|1
dipundius),|1
<B>dūrius</B>,|1
<B>dūrissimē</B>,|1
dūruī,|3
ducis,|3
mantis|1
Durrachium),|1
hibiscum,|1
Scrib.|2
Larg.|2
80|1
odis,|1
<B>ecquae|1
<B>ecquid</B>,|1
Pron.|8
interrog.|5
subst.|3
num|2
quis|1
ferbuī|1
effigies,|1
364.|1
rud.|1
421.|1
2581,|1
4:|1
fātus|5
sum),|1
fārī|4
frixī,|2
fugitūrus,|2
futuī,|1
futūtus,|1
pers.|2
lāvī,|3
lautum|2
στοιχειον|1
elephantiasis,|1
250.|1
Th.|2
Prisc.|6
phantis|1
īnis|3
E-licuī,|1
E-licitum,|1
līnxī,|3
liquātus,|1
loquī,|3
atos|1
cruī,|3
mānsum,|5
tūruī,|1
tītus|3
E-mēnsus|1
E-micuī,|1
E-micātum,|1
mōvi,|2
mūnxī,|1
mūnctum,|1
mūnīvī|1
mydis|1
thidis,|2
necuī,|1
nectum,|1
εν|1
γόνασι|1
dridis,|1
Conj.|1
peī|1
nīsus|3
E-nōtuī,|1
us,|2
prologus|1
m.επίλογος)|1
gidis,|1
oon|1
popis,|1
Epōtāvī,|1
epōtātūrus,|1
Epōtus,|1
epulae,|1
*Lucil.|1
444.|1
Auct.|1
itin.|1
Alex.|1
13|1
ecula),|1
rēptum,|7
Quint.|1
69|1
H.|1
yos.|1
aero),|1
rubuī,|2
aerumna|1
rubus|1
thonis,|1
am,|1
ocis,|1
250,|1
19),|1
Coni.,|2
euge,|1
Amph.|1
1018|1
Evius),|1
polidis|1
caecias|1
daphnoides,|1
Plin.|9
15,|1
132|1
vāsī,|4
vāsum,|3
vānuī,|1
εκλιλνίζω|1
vulsum,|4
ire|2
versum,|3
vīluī,|2
vīnetum,|1
hibiscum|1
muī,|1
mitum,|1
cūtum,|1
āv,|1
īvi,|3
ārs,|1
Arsum,|1
exedo,|1
9,|3
1|4
ulis,|3
cucurrī|4
currī,|6
<B>exequior</B>,|1
<B>exequium</B>,|1
<B>exequor</B>|1
fundātus,|1
hērēdis|1
hibitum,|1
elecebra|1
lēgis|2
emoveo|1
ἀπο|1
νῦν|1
Orsus|1
Ordīrī,|1
orīrī,|1
ossis|1
palluī,|2
pānsum|2
factus,|3
perrēctus|1
pergīscī|1
pergī,|1
rīscī|1
pertis|2
am|3
exarcio,|1
exercio)|1
excreo),|1
sculpsī,|3
sculptum,|3
εκκολάπτω|1
execo,|1
exico),|1
Esilio),|1
stitī|1
sorbuī|1
expergo),|1
extasis)|1
sūxī,|2
tēnsum|3
timuī,|2
extulī|1
Adv.:|5
ūnctus,|2
eveho|1
fabulor,|1
īs,|2
faecis,|1
quorom|1
digiti|1
pollices|1
pedibus|1
intra|1
sunt|1
curvati,|1
similitudine|1
falcis|2
fefellī|1
farsī,|1
fartum,|1
fassus|1
faucis,|1
fāvī,|1
fautum,|1
facis,|1
fellis,|1
femoris|1
µάραθρον|1
secis,|1
fēnisecium),|1
Ocis|2
bācis|1
ferbuī,|3
fidei|1
iussī,|2
iussum,|2
felix)|1
cento|1
T.|1
Quinctius|1
Annaeus|2
flōris,|1
fluctuo|1
fēteo),|1
fētidus),|1
fētor),|1
fontis,|1
Fontis,|1
θύραζε|1
φορβή|1
et|1
etc.|1
φαλίς|1
θύρασι|1
ābl.,|1
fōvi,|1
fōtum,|2
ελαίου|1
τρυγία|1
frangi,|1
26|2
fraterculo|1
fraudis,|1
fremitum,|1
frēsum|1
<B>fretus</B>,|1
frictum|1
erigo|1
frīctum,|1
fringultio,|1
fringulio),|1
fronduī,|1
frondis,|1
frontis,|1
Sextus|2
gen.|1
nītus|1
nīscī|1
fruitus|1
frūgis,|1
fultum,|4
1.|8
futūrus,|1
fūris,|2
fera|1
furis,|1
fornax|1
I.|2
Intens.|1
iris,|1
χλωρός|1
galliciola),|1
Iunius|1
Gallio|1
Galatia|1
κνυζασθαι|1
oenogarum|1
gāvīsus|1
merops|1
Cedrōsiī),|1
Adi|1
<B>gelum</B>,|1
<B>gelus</B>,|1
gentis,|1
gantis,|1
genuī,|3
genitum,|3
γίγγρας|1
µελάνθιον|1
glandula|1
glandium|1
glans,|1
Avien.|1
orb.|1
descr.|1
285|1
glandis,|2
glaucis,|1
glīris,|1
im|1
glōris,|1
matis|1
glūtis,|1
gluten|1
glittus),|1
ignōro),|1
gonis,|2
κολοιός|1
gradatio|1
gradī|2
atos,|2
eōs|2
γραµµατικοµάστιξ)|1
Adv;|1
edis,|1
στέγη|1
gruis,|1
grȳpis|1
gubernator,|1
Laber,|1
3|2
gubernaculum|1
gurges|1
gitis,|1
guminasium),|1
PAdi.:|1
haesūrus,|1
-Eris|1
as,|1
agis|2
ērum|1
ἁπαλός|1
οψον)|1
haruspicium|1
alis,|4
-Ere|1
hebetis|1
Hieron.|1
108,|1
Lact.|2
4,|9
7,|3
Vulg.|1
Esther|1
hahae,|1
scen.|2
447|1
Varius|1
ados|1
ellops),|1
patis,|1
gemma|1
haerēs),|1
Edis,|1
saxum|1
ōis,|1
<B>-um</B>,|1
ibrida),|1
haec,|1
hoc,|1
Pronom.|4
demonstr.|3
haece,|1
hoce,|1
hiemis,|1
hilla|1
hinnula|1
innuleus,|1
Inuleus),|1
ōn|1
masc.|2
honorificentius,|1
honorificentissime,|1
honorificentior,|1
honorificentissimus|1
503,|1
35;|1
570,|1
hordeaceus,|1
Cas.|1
494|1
fordus|1
hydraulus|1
phylacis,|1
enis,|2
pheatos,|1
hypocauston|1
tricis.|1
citūrus,|1
iactum,|1
frequenter|1
patitur|1
iacturam,|1
28,|1
25|1
Dianium|1
pygis|1
ychis,|1
Priscus|1
bicis,|1
Icarus|1
Icī,|1
ictum,|1
ea-dem,|1
i-dem|1
nōtum,|4
licet|1
laesūrus,|1
illa,|1
illud|1
licis|1
aec,|2
uc,|1
illinc|1
līquī|3
illūtus),|1
bris|1
bricis|1
mixtum,|2
moritūrus,|2
zB.</I>|1
trin.|1
24.|2
364|1
R2),|1
mūtuī,|2
permixtus,|1
petis,|1
plexī,|1
plexum,|1
plicitum|1
impunitus|1
inlaesus,|1
97,|1
beris|3
243,|1
30:|1
minores|1
naticas|1
truī,|2
Praepos.|3
Praeverbium,|1
scōnsum,|1
inpatienter,|1
90,|1
ἀχώριστος|1
ἀπερισπάστως|1
inanilogus),|1
ālis|5
Onis.|4
επουράνιος|1
canduī,|2
cānuī,|1
PAdi.,|1
cessīvī|1
cicoris|1
ἄχροος|1
ἀσύµβαµα|1
Iren.|3
21,|1
ἀσυµφωνία|1
stantis|1
crēbruī|1
ἄπιστος,|1
bōnis,|1
ἀθεράπευτος|1
cūdis,|1
ἀζήµιον|1
pīscī|2
indipiscor,|2
106,|1
14;|1
getis,|1
asin.|1
279|1
deptus|1
dipīscī|1
in-doluī,|1
201|1
6.|1
13.|2
14),|1
dulsī,|1
dultum,|1
dūtum,|1
ὀλιγοφάγος|1
cācis|1
Emorī|2
ἄνιππος|1
ertis|3
ἀνείκαστος|1
farsī|1
ōcis|4
Inferior,|1
Infimus|1
Atis|6
intulī,|2
illātum,|1
Inferre|1
ἄγονος|1
ero|1
infimatis|1
infirmus|1
incipit|1
flāvī,|1
flātum,|1
frēgi,|2
frondis|1
gentis|1
ἄδοξος|1
granduī,|1
ἀοίκητος|1
επιχαίνω|1
inhonorus|1
nāsci,|1
nītī|2
nōtuī,|2
olitum,|1
ἄκαιρος|1
it,|1
Perf.|1
inquiī,|1
verb.|1
ἀσάλευτος|1
Etis|3
saeptus,|1
scalptum,|2
εἰς|1
έγγύς|1
ἀσπουδαστος|1
serpsī,|3
serptum,|1
insignis,|1
Commod.|1
apol.|1
507|1
siluī|1
sontis|2
sorduī,|1
ῥυπαίνω|1
spersī|1
Ulp.|3
dig.|5
§|6
6|2
ἀντίον|1
insuesco|1
Infuī,|1
inesse|1
sūmpsi,|1
<B>integmentum</B>,|1
integumentum|1
ἄκρατος|1
intereo|1
cēpi,|2
παρυφή|1
cutis|1
id|2
est|1
stupratus,|1
113,|1
3;|1
ἡµεροκλέπτης|1
µεσοµήριον|1
Emptum|2
<B>interius</B>,|1
Compar.,|1
<B>intimus</B>,|1
micuī,|1
nituī,|1
παννυχίδες|1
impedio|1
pretis,|1
rēgis,|2
interscapulum),|1
stitis|2
stīnctus,|1
esse,|2
pers.:|1
trīginis,|1
vulsī,|1
intubum),|1
tīnxī,|2
tīnctum,|2
tonātum,|1
trāxi,|1
infundo,|1
99,|1
14.|2
Unxī,|6
Unctum,|5
ursī,|3
ἀναφρόδιτος,|1
vertī,|1
Ascere|1
vīdī,|5
βασκαίνειν|1
ευτελίζω|1
τὰ|1
εντερα|1
ἰού)|1
yī,|1
Irāscī|3
hyrpex),|1
rāsus,|1
rausī,|2
rēpsi,|1
quiētis,|2
παρρησία|1
ea,|1
Sapis|1
in,|1
Pisaurus|1
ēlis,|2
is-ta,|1
is-tud|1
oc|1
ādv|5
itineris,|1
iterum|1
urbanitas|1
Iulius,|1
iuro|1
venuī,|1
iūvi,|1
iūtum|1
gis,|1
iūris,|1
ūtis,|6
<B>l</B>|1
labium,|1
Iscī|1
lactis,|1
lacera,|1
lacerum|1
lacerta,|1
γαλακτώδης|1
laesī,|2
laesum,|1
apis|1
laetitia,|1
61|1
Lais|1
lambī,|2
lambitum,|1
lamentor|1
<ī>|1
lanx,|1
orig.|2
25.|2
§.|1
κλειτορίς|1
languī,|2
LAnivium),|1
lancis,|1
laqueāns,|1
laqueātus|1
Laris,|1
Lartis,|1
ferum,|1
laserpicum|1
lāserpitium),|1
σίλφιον|1
serpyllum|1
laudis,|1
Inchoat.|1
ētis|2
legatus|1
lectito,|1
74|1
lēnātus,|1
lendis,|1
lentis,|1
leōnis,|1
ptis|1
rhāgis|1
cadis|1
phidis,|1
Laber.|1
801|1
Ligusticum|1
lēgis,|1
erōrum,|1
buit|1
pendis,|1
licitum,|1
licitus|1
licuit|1
ēnis|3
licium|1
linamentum|1
līvī|1
zōstis|1
lynter),|1
tris|2
liquī|1
obliquus,|1
100,|1
sq.|1
deliramentum,|1
24,|2
Pomp.|1
158),|1
lītis|1
s.</I>|3
littera|1
libido|1
longavus),|1
Lucii|1
puer|3
untis,|1
cra,|4
crum|4
ludius|1
lūctum,|1
luitūrus,|1
lupa|1
lupanar|1
lustrum|1
πήλωµα|1
lutum,|1
ann.|3
94|1
lūcis,|1
Lycaeus|1
phōtis,|1
phronis|1
cis|1
<B>m</B>|1
Macrobii|1
chīris|1
vitis|1
alba|1
mel|1
magdalides,|1
Val.|3
ars|1
magida|1
<B>māgnificentius</B>,|1
<B>māgnificentissimē</B>,|1
<B>māgnificentior</B>,|1
<B>māgnificentissimus</B>|1
µεγαλόλαος|1
uxor|1
Vulcani,|1
Calp.|1
Piso|1
κακότης|1
māluī,|1
mālle|1
ertis,|1
Veturius|1
Hostilius|1
mandī,|1
manuplāris),|1
Pass.|3
<B>mānsuēfīo</B>,|1
poleos|1
Marci|1
ōrum|2
Mārtis,|1
teris|1
maris,|2
kauen)|1
edax|1
vortis,|1
Mars,|1
µηχάνηµα|1
chiris,|1
herba|1
ātas,|1
medius,|1
īi,|8
<B>mehercule</B>,|1
<B>meherculēs</B>|1
mellis,|2
ās,|1
ana|1
anos|1
Medicus|1
melomeli|1
fluentis|1
melopepo|1
ponis|1
nisse|1
phidis|1
ψευδολογία|1
mentis,|1
tīrī|2
meracus,|1
Cael.|2
Aur.|1
morb.|1
chron.|1
17;|1
10|3
ēdis|1
mercis|1
anos,|1
mercennarius,|1
146b,|1
metor|1
mēI,|1
<B>mīliēs</B>|1
miluus|1
Numer.,|1
milvus|1
mīnctum|1
ministeriales|1
minitor|1
Ois|1
Varro|8
r.|6
9|2
K.|2
Colum.|3
Sangal.|1
minutia,|1
Arnob.|2
49|1
miror,|1
Pompon.|2
108.|1
128|1
µύρονκρόκινον|1
seritum|1
thrācis,|1
metrum|2
moderor,|1
modifico,|1
modi|1
imperator|1
modius,|1
Cato|2
58|1
extr.|1
Î|1
145|1
molior|1
moly|1
mola|1
pīdos,|1
montis,|1
momordī,|1
mordēre|1
morigeror|1
yris|1
mortis,|1
mōris,|1
mulctum,|1
<B>plūs</B>,|2
<B>plūrimum</B>|1
Subst.|1
plūris|1
trīcīs,|5
µύσσω|1
ficis|1
mirmillo),|1
murmuro,|1
murrha),|1
myrrhātus),|1
myrrheus),|2
myrrhinus,|2
myrrinus),|2
mirta),|1
µυρσίνη|1
murteta|1
murtetum,|1
vidul.|1
X|1
III.|1
Stud.|1
mūris,|1
mutilus|1
myos|1
Myos,|1
bidis|1
ψάλλω|1
<B>nacta|1
nactus|1
pyos,|1
Nāris,|1
Narbo|1
thēcis|1
27|2
nasci,|1
151,|1
sum|1
nasus,|1
267.|2
582|1
naturalis,|1
Plat.|1
12|1
navicula,|1
ep.|1
9;|1
37|1
nausea|1
naviter,|1
polis|1
nec|1
bidis,|1
nexuī|1
µήποθεν|1
fantis|1
nefandus,|1
nefantia|1
facta,|1
140.|1
frendis|1
nēminis,|1
nēvī,|2
nētum,|2
nēquior,|1
nēquissimus|1
nequidquam),|1
necis,|1
gris|1
ninxī,|1
nivī,|1
nivis|1
nāvī,|1
nāre|1
Abl.:|1
hāc|1
noctu,|2
quā|1
Plaut|1
notia|1
sudarium|1
nōluī,|1
nōlle|1
numer.|4
nongentesimus|1
nostra,|1
nostrum|1
notitia,|1
Lucr.|2
182|1
noctis,|2
capt.|3
655|1
nōgae|1
πολύς|1
nugator,|1
29|2
adum,|1
umdum|1
alicubi|1
nunc|1
iam|1
<B>nūperrimē</B>,|1
trīcis|9
nucis|1
numfa),|1
<B>o</B>|1
mīvī|1
dulcuī,|1
ēsum,|1
horruī|1
iacuī,|2
obicis,|1
Irātus,|1
lītus|1
līvīscī|1
cūtus|1
orīrī|1
rutum|2
sequī,|3
sidis,|1
opstitrīx),|1
θαµβοῦµαι|1
opstipēsco),|1
stupuī|1
önis,|1
torpuī,|1
ēri,|1
tūsum|3
tursī,|1
ventūm,|1
canuī,|1
cāsum,|1
cecinī|2
cēpi|1
pitis|1
culuī,|1
occurrit|1
Oceanitis|1
ὠκέως|1
metra,|1
distr.|3
viri,|1
ōdisse|2
udo,|1
34,|1
podis|4
oī,|1
litos,|1
obtulī,|1
oblātum,|1
offerre|1
Ofilius),|1
olusatrum|1
olea,|1
olus|1
atrum|1
ychis|2
phryos,|1
Aemilius|1
ados,|1
parabilis|1
pepercī|1
peperī,|1
partum,|1
paritūrus,|1
ēthis,|1
parabsis|1
parricidium,|1
partis|1
parsimonia,|1
132,|1
5.|4
142.|1
pāscī,|1
Atis,|3
patior|1
σταφυλινος|1
phorûm,|1
<B>patefīo</B>,|1
fieri|1
patuī,|2
patī|3
πατροκτονία|1
paulatim,|1
pavo|1
pācis,|1
pexum|1
tre|3
pepēdī,|1
pēditum,|1
pepulī,|1
pependī,|2
opis|1
9)|1
culī,|1
culsum,|1
cēnsuī,|3
cīre|1
clārui,|1
περκνόπτερος|1
percontor|1
crepuī,|2
crepitum,|1
cussi,|1
dīvīsī,|1
dīcis,|2
dolitum,|1
egrī|1
pericida|1
frūctus|1
fruī,|1
perrēxī,|1
perrēctum,|1
peiero|1
perītus|1
perlino,|1
12,|2
uit,|1
mīxī,|1
mīstum|2
Atūrus,|4
nōtui,|1
noctis|1
peris|1
petis|2
perpetuus|1
pessus|1
petī|1
perplexe,|1
Cass.|1
Hemin.|1
potītus|1
chra,|3
chrum|3
sīvi,|1
perscrutor|1
quācis|1
strūctus,|1
taeduī,|1
taesum|1
est,|1
tēxi,|4
tendī|1
Ussī,|2
veritus|2
veteris|1
ilis|3
voluī,|2
velle|2
pessum|1
pestilens,|1
Laev.|1
petitio|1
hereditatis,|1
Eutych.|1
<B>M.</B>|1
angis,|1
Falisci|1
phlogis,|1
fol.|2
308|1
is.|1
Friges|1
ygis,|2
iārum,|4
Pictavi,|1
Caes.|2
b.|1
G.|1
Lucan.|1
436.|1
166|1
uit|1
205|1
pīnsī|1
pisum|1
sagitta|1
ōtis|2
plausī|1
plēbis,|1
plexī|1
plerusque|1
raque,|1
rumque|1
pleuritis,|1
8.|1
Prud.|2
perist.|1
485|1
plectibilis|1
µόλυβδος|1
pluī|1
plūris,|1
pnīgis|1
Hdschrn.|2
Ausgg.|2
auch</I>|1
Penīnus|1
Paula,|1
citus|1
luctum,|1
pontis,|1
Pontis,|1
prurigo|1
<B>Porsinna|1
πορθµεύς|1
potuī,|1
posse|1
postilena|1
posterior,|1
postrēmus|1
irreg.|1
posticus|1
iōnis,|1
postea,|2
118;|1
Curc.|1
529;|1
342|1
685|1
επάνοδος|1
postmodo,|1
Liv.,|1
Max.|1
pomerium|1
κατόπισθεν|1
milites|1
:510|1
pote|1
pōtāvī,|1
pōtātum|1
celeris,|1
celere|1
coepisse|1
cōnsūmptus,|1
cocis|1
dēmptus,|1
ἀµφιδέξιος|1
praedor|1
doctus,|1
praeexercitamentum|1
fricātus,|1
bera,|2
berum|2
mersus,|1
supra|1
modum|1
mulsus,|2
polluī,|1
rūpi,|1
scīvī,|2
secātum|1
iae,|1
stitui,|1
stitum|1
praesto|1
sūtus,|2
tāctus,|1
vehī,|2
tīnctus,|1
totondī,|2
tortus,|1
praevaricor|1
prandī,|1
prānsum,|1
pretium|1
precis,|1
prius|1
<B>-us</B>,|2
Priscianus|1
Caesariensis|1
soror|1
proavi|1
frater|1
proaviae|1
πρόβατα|1
προπίνω|1
quo|1
proceditur|1
muro|1
prōclīvius,|1
fectus|1
ficīscī|1
flīctus,|1
fluentis,|1
generī,|1
*προκυβερνήτης|1
prolubium|1
mīxtus,|1
promiscuus,|1
383.|1
Liv.|2
13,|1
Tac.|1
48|1
mutuus|1
<B>propius</B>,|1
<B>proximē</B>,|1
propius|1
scriptum,|1
satum,|2
praesidens|1
uī|2
socerī,|1
prōfuī,|1
prōdesse|1
vīxisse|1
prorsus|1
prytanaeum),|1
EI,|1
psallī,|1
ēcis,|1
37,|2
39|1
Detlefsen|1
īdis|2
enclit.|1
crescere,|1
incrementare,|1
152,|1
41|1
Publii|1
pugnus,|1
796|1
Schoell|1
chrī,|1
pullus|1
accent.|1
34.|1
526,|1
pulpamentum|1
pultis|1
pulso|1
Is,|1
pupugī,|1
purpurasco|1
porphyrites|1
pūris,|1
putris,|1
putre|1
puteus,|1
19,|1
15593|1
pusus|1
roentis|1
op|1
Num.|13
asses|3
τετράχορδον|1
quattrīduum),|1
τετρήρης|1
quadringeni,|1
fig.|1
414,|1
quaesīvī,|1
quaesītum,|1
quālecumque,|1
relat.|2
quālelibet|1
quālenam|1
quammāgnacumque,|1
quammāgnumcumque|1
acumque,|1
umcumque|1
alibet,|2
umlibet|2
quantacumque,|1
quantumcumque,|1
quantalibet,|1
quantumlibet|1
quantavīs,|1
quantumvīs|1
quadrigeminus|1
quassum,|1
Schol.|1
rhet.|1
querimonia|1
<B>quae</B>,|1
<B>quod</B>,|1
quaedam,|1
quoddam|1
Etis,|1
Etūrus,|1
quae-nam,|1
quod-nam,|1
quinquagies|1
quinquaginta|1
πεντάπρωτοι|1
lustrare|1
Quinti|1
puer,|1
59.|1
<B>Quīnta</B>|1
qua|1
quid,|1
interrog.,|1
quid-nam,|1
quaepiam,|1
quodpiam|1
quaequam,|1
quidquam|1
quidque|1
quaequae,|1
quidquid|1
quaevīs,|1
quidvīs|1
quaevīscumque,|1
quodvīscumque|1
cuias|1
quotacumque,|1
quotumcumque|1
E,|1
rāsi,|1
rapuī,|1
raptum,|1
rapto|1
il,|1
rausum,|1
rūdus),|1
inseparab.|1
accēnsus,|1
rebellio|1
Ivi|1
calcis|1
cēnsītum|1
trochlea|1
superior|1
crēvi,|2
crūduī,|1
viā|1
accēnsum,|1
alqm|1
alqā|1
re|1
dūxi,|1
fellī,|1
rettulī,|1
relātum,|1
rētulit,|1
rēferre,|1
fōvī,|1
fricātūrus,|1
reliquus|1
mānsi,|1
igis,|4
repandus,|1
1303.|1
minīscī,|1
rēnis,|1
ratus|1
repercī,|1
pexus,|1
reppulī,|1
repulsum,|1
repperī,|1
repertum,|1
reī,|1
sarsī,|2
sartum,|2
ecis|1
ἀποσφραγιστής|1
sipuī|1
sonuī|1
aufdecken,|1
entblößen,|1
öffnen,|1
iī.,|1
tōnsus,|1
tōstus,|1
Anom.|1
trūsus,|1
vēndidī,|1
vēniī,|2
Eri,|1
viguī,|1
viruī,|1
victūrus,|1
vomuī,|1
rabo|1
rhois|1
rictus,|1
1193.|1
Verr.|1
94:|1
are,|1
rimor,|1
71|1
gī|1
Rhīpaeus|1
Adv.;|1
rivi|1
rixor,|1
43|1
robur|1
rōris,|1
ructo,|1
74.|1
Fulg.|1
contin.|1
142|1
rudīvī,|1
<B>rūmis</B>,|1
c.,|2
rumino|1
rūris,|1
rustice|1
diabathrum|1
Sebādia),|1
Sebādius),|1
sabulum|1
ägyptischer|1
sacerdotalis|1
Charis.|1
Diom.|1
436,|1
17|2
K.;|1
<B>saepissimus</B>,|1
saeviī,|1
saevītum,|1
saeve,|1
180|2
saga|1
salis,|1
salictum,|1
47,|1
Itus,|1
saluī|1
saltem|1
sānxī,|1
sancītum|1
sānctum,|1
veraltete|1
Form</I>|1
sanguen),|1
µῶκος|1
saffīrīnus),|1
Saravus.|1
<B>saraballa</B>|1
sartor,|1
450;|1
sartrix,|1
56,|1
22|1
sarmentum,|1
most.|1
1114|1
ardea|1
sarpsī,|1
sarptum,|1
trīcis.|1
ura,|1
urum|1
savillum|1
saxosus,|1
29;|1
41,|1
21|2
scabies,|1
481,|1
44:|1
scābī,|1
em|1
scalpsī,|1
Scatināvia),|1
scandī,|1
scānsum,|1
venucula|1
scaturigo,|1
112.|1
44,|1
33,|1
schoenus,|1
20.|2
ischiadicus|1
surpiculus),|1
sciscitor|1
scītum,|1
ēcis|1
σκοτόω|1
scrattia,|1
scrapta),|1
sine|1
sectum|1
sector|1
Posit.|1
<B>secus</B>,|1
aliter|1
Saguntia),|1
gregis|1
caprī,|1
corporis|1
hominis,|1
cera,|1
cerum|1
necis|1
Samēramis),|1
missis,|1
semisopitus|1
semper,|1
Iordan.|1
Get.|1
48,|1
249|1
Uncis|1
senis,|1
senior,|1
senius|1
pelīvī|1
sēpis|1
septentrio),|1
vir|1
Lucius|2
εβδοµήκοντα)|1
sequius|1
Sēris,|1
Σέριφος)|1
serpo,|1
act.|1
apost.|1
serpillum),|1
altera,|1
alterum|1
επόγδοος|1
επίτριτος|1
pars|1
subina),|1
Cn.|1
sīdī|1
fenum|1
Graecum|1
silus|1
simila|1
simpliciter,|1
176,|1
altindisch|1
sanitúr|1
sembella|1
singulariter|1
trum,|2
sīfōnārius),|1
suppo|1
erice,|1
r.r.|1
stit</B>I|1
κάδος|1
zmaragdus),|1
sōlis,|1
solitus|1
<B>sōlicitus|1
<B>sollistimum</B>)|1
<B>tripudium</B>|1
sōlennitās),|1
Otus|1
s.|1
penis,|1
Catull.|1
Schwabe.|1
1700.|1
sorbuī,|1
sortis,|1
cōs,|1
spanditus,|1
sparsi,|1
sparsum,|1
σπάθη),|1
sprēvi,|1
sprētum,|1
Sphīnx,|1
Anthol.|1
lemm.|1
R.|1
Augustin.|2
civ.|2
dei|2
272,|1
D.2:|1
Sphīngis,|1
specio|1
splēnis,|1
spopondī,|1
spontis,|1
squalidus|1
venucula,|1
34|1
Sill.|1
vulva|1
sterilis|2
stibi|1
satyrion|1
stipis,|1
stirpis,|1
statum,|1
strigosus,|1
Nelei|1
carm.|1
strigilis|1
strūxi,|2
<B>stupefīo</B>,|1
Stygis|1
suāsi,|1
ὑποστίζω|1
ὕπαιθρον|1
ὕπαιθρος|1
Erēctum,|1
Inflātus,|1
iī,Ire|1
sublicae|1
ἀνθερεών|1
monuī,|1
alteruter|1
dī,|1
falsche|1
Lesart|1
bei|1
Fronto|1
35,|1
N.|1
ringī|1
ūdis,|1
strinxī,|1
</I>Avi,|1
κοιλοντοῦ|1
ποδός|1
āctum,|1
habitus,|1
ūstum,|1
vadis,|2
sufferre|1
suffragor|1
Sigambrī),|1
suggrunda|1
suggilo,|1
sūgilo),|1
ἰδιοπάθεια|1
ἰδιοπαθῶς|1
ἰδιοπαθής|1
ārum|1
sulfur),|1
sulfureus),|1
ectilis|1
addidī,|1
additum,|1
εµβολισµός|1
ἡµιόλιος|1
datus,|1
Egredī|1
<B>-entissimus</B>,|1
superficies,|1
Iavolen.|1
31,|1
39.|1
Interpr.|1
Menol.|1
Vall.|1
Febr.|1
fīxus,|1
iectum|1
strāvi,|1
Instrūctus,|1
Serv.|1
Aen.|1
351|1
nāscī,|1
επιπλέω|1
numerus|1
spersus,|1
vectus,|1
pēgi,|1
sīpo),|1
impers.,|1
me|1
alcis|1
suis,|1
poss.|2
ris|1
ingis|1
asilus|1
ταβλίζω|1
tabes,|1
tacuī,|1
tacitum,|1
taeduit|1
tālecumque|1
tamen|1
tamarix,|1
67.|1
īlis,|1
tetigī,|1
<B>tanta-dem</B>,|1
<B>tantum-dem|1
convivalis,|1
lex,|1
1307.|1
ui,|1
ταριχευτός|1
τήγανον|1
ūris,|1
ēī|1
τό)|1
<B>temperī</B>,|1
supremum|1
augurii|1
tempus,|1
Libri|1
augural|1
ōrnm,|1
tetendī,|1
etis|1
terminus,|2
37.|1
Tur.|1
Franc.|1
375,|1
479|1
Septimius|1
Florens|1
Tertullianus|1
āntis,|1
textam,|1
Thāidos|1
Thebae|1
Tevestē,|1
Tebestē),|1
thōis,|1
īpis|1
TUringī,|1
Toringī),|1
tunnus),|1
<B>Tingi</B>|1
tinnio|1
neutr.<B>-ius</B>,|1
sustulī,|1
sublātum,|1
κώπη|1
<B>tōphīnus</B>,|1
<B>tōphāceus</B>,|1
<B>tōphīcius</B>,|1
<B>tōphōsus</B>|1
tōstum,|1
trabs,|1
abis,|1
ductum|1
Ulpius|1
Traianus|1
ῥοδάνη|1
trānstulī,|1
trānslātum|1
fungi|1
pulsus,|1
pūnctus,|1
trāversus),|1
Trasimēnus,|1
Trasymēnus),|1
τραυλός|1
tria|1
triados|1
faucis|1
τριµιτάριος|1
terio|1
tristitia,|1
Ter.|1
adelph.|1
30|1
gernm|1
Trōis,|1
onocrotalus,|1
367,|1
trucis|1
strychnos|1
trygos|1
λαφύσσω|1
tueor|1
tulī|1
tumultuarie|1
ὀχλοκόπος|1
tutudī,|1
tūnsum|1
turbo|1
τρυγών,|1
tūris,|1
tutor|1
Priapus,|1
11.|1
phōeos|1
<B>Uberrimē</B>,|1
εµπίλιον|1
ultus|1
ulcīscī|1
ulterior,|1
ultimus,|1
Posit.,|1
ulter,|1
navis|1
unicolor,|1
ham.|1
819.|1
opilio|1
urbis,|1
usucapio|1
utra,|1
utrum,|1
utrius,|1
Dat.|1
utrī|1
utris|1
utra-cumque,|1
utrum-cumque|1
utra-libet,|1
utrum-libet|1
utraque,|1
utrumque|1
utra-vīs,|1
utrum-vīs|1
vafra,|1
vafrum|1
vagor,|1
mil.|1
424.|1
225|1
Freude,|1
Unwillens,|1
valitūrus,|1
Licinius|1
377,|1
bāro),|1
ἴονθος|1
vāsis,|1
πλάγιος|1
velitor,|1
villa|1
vulsī|1
vēnīre|1
a.|1
veneror|1
unda,|1
litus|1
venit,|1
venīre|1
<B>-Uva</B>|1
vēris,|1
verbi|1
gratia,|1
Not.|1
Tir.|1
49,|1
31.|1
400,|1
47|1
veru|1
Partic.,|1
στροφοῦµαι|1
heliotropium|1
Tit.|1
vetuī|1
veteris,|1
veterior|1
viginti|1
virī|1
seviratus|1
dea,|1
vitellus|1
µοσχεύµατα|1
θέναρ,|1
κοιλον|1
της|1
χειρός,|1
θέναρ|1
χειρός|1
volucris,|1
volucre|1
vōcis,|1
<B>x</B>|1
<B>y</B>|1
Zetes|1
ζωοφόρος),|1
