|abiecte
|abiectio
|abiectus
|abiicio
|abiudico
|abiugo
|abiungo
|abiuratio
|abiurgo
|abiuro
|adiaceo
|adiaculatus
|adiectamentum
|adiecticius
|adiectio
|adiectivus
|adiicio
|adiubilo
|adiudicatio
|adiudico
|adiugo
|adiumentum
|adiunctio
|adiunctivus
|adiunctor
|adiunctus
|adiungo
|adiuramentum
|adiuratio
|adiurator
|adiuratorius
|adiuro
|adiutabilis
|adiuto
|adiutorium
|adiutrix
|adiuvamen
|adiuvatio
|adiuvo
|aiax
|altiiugus
|baionula
|baiulatio
|baiulator
|baiulatorius
|beniamin
|biiugis
|biiugus
|celsiiugus
|circumiaceo
|circumiectio
|circumiicio
|coadiutor
|combaiulo
|confideiussor
|coniaceo
|coniectanea
|coniectarius
|coniectatio
|coniectator
|coniectio
|coniecto
|coniectrix
|coniectura
|coniecturalis
|coniecturaliter
|coniicio
|coniucundor
|coniugalis
|coniugaliter
|coniugatio
|coniugator
|coniugialis
|coniugium
|coniuglae
|coniugo
|coniugulus
|coniugus
|coniuncte
|coniunctim
|coniunctio
|coniunctivus
|coniunctrix
|coniunctum
|coniungo
|coniunx
|coniuratio
|coniuratus
|coniuro
|coniux
|cuias
|cuius
|cuiuscemodi
|cuiusdammodi
|cuiusmodi
|cuiusquemodi
|cuiusvis
|decemiugis
|deiecte
|deiectio
|deiectiuncula
|deiecto
|deiector
|deieratio
|deiero
|deieror
|deiicio
|deiugis
|deiugo
|deiungo
|deiurium
|deiuvo
|diiudicatio
|diiudicatrix
|diiudico
|diiugatio
|diiugo
|disiecto
|disiuncte
|disiunctim
|disiunctio
|disiunctivus
|disiunctus
|disiungo
|disiurgium
|duodecaiugum
|eiaculo
|eiaculor
|eiectamentum
|eiectio
|eiectiuncula
|eiecto
|eiectorius
|eiectura
|eiero
|eiicio
|eiulabilis
|eiulabundus
|eiulatio
|eiulatus
|eiulito
|eiulo
|eiuncesco
|eiuncidus
|eiuno
|eiuratio
|eiuro
|eius
|eiuscemodi
|eiusdemmodi
|eiusmodi
|exiuro
|expeiuro
|fideiubeo
|fideiussio
|fideiussor
|fideiussorius
|huiuscemodi
|huiusmodi
|imperiuratus
|impraeiudicatus
|inconiugus
|indeiectus
|indisiunctim
|iniectio
|iniectionale
|iniectivus
|iniecto
|iniicio
|iniucunde
|iniucunditas
|iniucundus
|iniudicatus
|iniugatus
|iniugis
|iniunctio
|iniungo
|iniuratus
|iniuria
|iniurie
|iniurio
|iniuriose
|iniuriosus
|iniurius
|iniuste
|iniustitia
|iniustus
|iniuvenesco
|insubiectus
|interiaceo
|interiacio
|interiectio
|interiective
|interiectivus
|interiungo
|iaceo
|iacio
|iactabilis
|iactabundus
|iactans
|iactanter
|iactantia
|iactatio
|iactator
|iactitabundus
|iactitatio
|iactito
|iacto
|iactura
|iacturarius
|iaculabilis
|iaculamentum
|iaculatio
|iaculator
|iaculatorius
|iaculatrix
|iaculor
|iaculum
|iana
|ianeus
|ianiculum
|ianigena
|ianitor
|ianitrix
|ianua
|ianus
|ianuspater
|iaphet
|iavolenus
|iecinerosus
|iecoriticus
|iecorosus
|iecunanus
|iecur
|iecusculum
|ieiento
|ieiunatio
|ieiunator
|ieiune
|ieiunidicus
|ieiuniosus
|ieiunitas
|ieiunium
|ieiuno
|ieiunus
|ientaculum
|ientatio
|iento
|iocabundus
|iocaliter
|iocatio
|iocor
|iocose
|iocosus
|ioculanter
|iocularis
|iocularitas
|ioculariter
|iocularius
|ioculatio
|ioculator
|ioculor
|ioculus
|iocur
|iocus
|iovialis
|iubar
|iubatus
|iubeo
|iuberna
|iubilatio
|iubilo
|iubilum
|iucundatio
|iucunde
|iucunditas
|iucundo
|iudaea
|iudaicus
|iudas
|iudex
|iudicabilis
|iudicatio
|iudicato
|iudicatorius
|iudicatrix
|iudicatum
|iudicialis
|iudiciarius
|iudiciolum
|iudicium
|iudico
|iugalis
|iugalitas
|iugarius
|iugatinus
|iugatio
|iugator
|iugatus
|iuge
|iugeralis
|iugeratim
|iugeratio
|iugerum
|iugifluus
|iugitas
|iugiter
|iuglans
|iugosus
|iugulae
|iugulatio
|iugulator
|iugulo
|iugulum
|iugum
|iugumento
|iugumentum
|iugurtha
|iumentalis
|iumentum
|iuncetum
|iunceus
|iuncinus
|iuncosus
|iunctim
|iunctio
|iunctor
|iunctura
|iuncus
|iungo
|iunianus
|iuniculus
|iuno
|iunonalis
|iunonicola
|iunonigena
|iunonius
|iuppiter
|iura
|iuramentum
|iurandum
|iuratio
|iurato
|iurator
|iuratorius
|iure
|iureconsultus
|iurgatio
|iurgatorius
|iurgatrix
|iurgiosus
|iurgium
|iurgo
|iurgor
|iuridicialis
|iuridicina
|iuridicus
|iurisdictio
|iurisonus
|iuro
|iuror
|iurulentia
|iurulentus
|iuscellarius
|iuscellum
|iusculum
|iusiurandum
|iussio
|iusso
|iussor
|iussum
|iuste
|iustificatio
|iustificator
|iustificatrix
|iustifico
|iustificus
|iustinus
|iustitia
|iustitium
|iuturna
|iutus
|iuvamen
|iuvamentum
|iuvenaliter
|iuvenca
|iuvenculesco
|iuvenculus
|iuvenesco
|iuvenilis
|iuvenilitas
|iuveniliter
|iuvenix
|iuvenor
|iuventas
|iuvo
|iuxtim
|maiesta
|maiestas
|maioriarius
|maiorinus
|maiugena
|maiusculus
|multiiugus
|obiaceo
|obiectaculum
|obiectamentum
|obiectatio
|obiectio
|obiecto
|obiex
|obiurgatio
|obiurgator
|obiurgatorius
|obiurgo
|octoiugis
|peiero
|peior
|peioro
|peius
|periniurius
|periucunde
|periucundus
|periuriosus
|periurium
|periuro
|periurus
|praeiaceo
|praeiacio
|praeiacto
|praeiectivus
|praeiudicatus
|praeiudicialis
|praeiudicialiter
|praeiudicium
|praeiudico
|praeiuratio
|praeiuvo
|proiacto
|proiecte
|proiecticius
|proiectio
|proiecto
|proiectorius
|proiectura
|proiicio
|quadriiugis
|quadriiugus
|quinqueiugus
|reiectatio
|reiectio
|reiecto
|reiicio
|seiugatus
|seiuges
|seiugo
|seiunctim
|seiunctio
|seiungo
|semiieiunia
|semiiudaeus
|semiiugerum
|sesquiiugerum
|subadiuva
|subbaiulo
|subdisiunctivus
|subiaceo
|subiecte
|subiectio
|subiective
|subiectivus
|subiecto
|subiector
|subiectum
|subiicio
|subiugalis
|subiugator
|subiugius
|subiugo
|subiunctivus
|subiunctorium
|subiungo
|subteriaceo
|subteriacio
|superiacto
|teriugus
|totiugis
|traiecticius
|traiectio
|traiector
|traiectorium
|traiectura
|transiicio
|transiungo
|triiugis
|triiugus
|uniiugus
|adiacentia
|adiectus
|adiutus
|coniectus
|disiectus
|eiectus
|interiectus
|iactatus
|iaculatus
|iaculus
|ianuarius
|iocatus
|iovius
|iucundus
|iugus
|iumentarius
|iunius
|iussus
|iustinianus
|iustus
|iuvencus
|iuvenis
|iuventa
|subiugus
|traianus
|troianus
|abiurator
|adiuvamentum
|aiuga
|coadiuvo
|coniurator
|cuiusdam
|diiugium
|diiunct
|eiecticius
|inconiunctus
|iniuro
|iniussu
|iniusto
|introiugus
|iactitator
|ianitrices
|iocista
|iova
|iovisiurandum
|iunctivus
|iurarius
|iurgio
|iurgiose
|iuscellatus
|iutrix
|iuvabilis
|iuvantia
|maioratus
|reiectaneus
|subadiuvans
|subiugatio
|subiunctio
|traiectum
|transiectio
|veriugodumnus
